covar,true_effect,mean_blue,sd_blue,se_of_mean,ratio_blue_over_true,t_stat_bias,nrep
snp_1_12709676,-120.35547152455246,-118.44905700000001,9.454798208042252,0.9454798208042252,0.9841601341392814,2.0163460738176826,100
snp_2_52446065,-83.48913957748782,-85.42238000000003,5.736657933946481,0.5736657933946481,1.0231555916409696,-3.3699768136292874,100
snp_3_89229500,-70.88556296736262,-70.74083599999999,4.057864875595281,0.4057864875595281,0.9979583012209515,0.35665792676597763,100
snp_4_98371204,-65.3688269676383,-65.663686,4.994842342099326,0.4994842342099326,1.0045106979280456,-0.590327005672357,100
snp_5_76120008,-63.34212982934265,-62.786145000000005,3.948686163069837,0.3948686163069837,0.9912225112916065,1.4080248629088508,100
