covar,mean_blue,sd_blue,mean_se,mean_chi2,sd_chi2,median_chi2,max_chi2,min_chi2,ncp_empirical,mean_pval,median_pval,n_sig_5e8,nrep,c_l,c_l_N,ratio_cl_cbar,c_bar,S_N,Wss,Wtilde,M,ncp_theoretical_cl,ncp_theoretical_cbar,ncp_ratio
snp_1_12709676,-118.449057,9.454798208042256,8.9999863,174.40797044265142,27.56131898807366,175.51077549950588,238.65532173899786,108.06868143293505,173.40797044265142,2.6780263065664406e-27,5.149045e-40,100,100,0.3424995246178309,17124.976230891545,2.020160118011304,0.16954078123025018,423.8519530756255,4000.0,3999.0,20000,171.20694986833823,84.74919801747131,1.0128559067024197
snp_2_52446065,-85.42237999999999,5.7366579339464785,6.269985299999999,186.79890320070652,27.037975450011473,187.6943972242209,281.5112133698403,128.5641208295776,185.79890320070655,8.836887536274215e-32,1.038777e-42,100,100,0.3399576487843203,16997.882439216013,2.0051674076140427,0.16954078123025018,423.8519530756255,4000.0,3999.0,20000,169.9363296860621,84.74919801747131,1.0933442162952958
snp_3_89229500,-70.740836,4.057864875595279,4.5559369,242.11894668136188,29.41972063499468,242.33834935667062,319.45869457817383,191.56800576591988,241.11894668136193,2.891060399963924e-45,1.250138e-54,100,100,0.46710127380007305,23355.06369000365,2.7550968587652753,0.16954078123025018,423.8519530756255,4000.0,3999.0,20000,233.4922492408115,84.74919801747131,1.0326636000353255
snp_4_98371204,-65.663686,4.994842342099326,4.8888211,181.7704371834401,28.875389308927303,181.15661337688172,247.3222740973403,99.96282773657812,180.7704371834401,1.5529055993989759e-25,2.729365e-41,100,100,0.34371847320906357,17185.92366045318,2.027349825304072,0.16954078123025018,423.8519530756255,4000.0,3999.0,20000,171.8162717953807,84.74919801747131,1.0521147694248836
snp_5_76120008,-62.786145,3.9486861630698376,4.0259738,244.35977905005123,31.85550295990351,243.19286638651462,323.6700103771574,174.21164364395386,243.35977905005123,8.899906515175987e-42,7.933745e-55,100,100,0.47217064720502094,23608.532360251047,2.7849974724592945,0.16954078123025018,423.8519530756255,4000.0,3999.0,20000,236.02630227160984,84.74919801747131,1.0310705913191078
