covar,true_effect,mean_blue,sd_blue,se_of_mean,ratio_blue_over_true,t_stat_bias,nrep
snp_1_8457047,-266.67370220434685,-267.4229,27.816795564274585,2.7816795564274583,1.0028094176120863,-0.26933289059915194,100
snp_2_80280319,-185.4318030555677,-185.11554000000004,19.110109963487016,1.9110109963487016,0.998294450842001,0.16549515213253424,100
snp_3_111612297,-159.08769614353992,-156.76652,18.35948641008294,1.8359486410082941,0.985409455289078,1.264292525233779,100
snp_4_72064764,-146.2325406429505,-147.18765999999997,15.505649210490605,1.5505649210490604,1.0065315103796324,-0.6159815329778342,100
snp_5_40183454,-141.58184243231565,-143.13356,15.52764689602635,1.552764689602635,1.010959862797563,-0.9993256403076967,100
