covar,mean_blue,sd_blue,mean_se,mean_chi2,sd_chi2,median_chi2,max_chi2,min_chi2,ncp_empirical,mean_pval,median_pval,n_sig_5e8,nrep,c_l,c_l_N,ratio_cl_cbar,c_bar,S_N,Wss,Wtilde,M,ncp_theoretical_cl,ncp_theoretical_cbar,ncp_ratio
snp_1_8457047,-267.4229,27.816795564274596,28.570877,88.53454362403298,17.970556389626264,87.40664451939685,132.09463064453328,42.19783072908313,87.53454362403298,8.356494464197082e-13,9.665355e-21,100,100,0.8293966953886155,8293.966953886154,1.2446546245834567,0.6663669414848205,333.18347074241024,20000.0,19999.0,100000,82.93552255538461,66.63336231377463,1.055452970294811
snp_2_80280319,-185.11554,19.110109963487016,20.962705,78.82277489575695,16.260415482369968,75.98219183431898,129.2144763527698,40.759065293663724,77.82277489575695,1.7491309661196072e-12,2.92548e-18,100,100,0.7411636786084878,7411.636786084878,1.112245569921285,0.6663669414848205,333.18347074241024,20000.0,19999.0,100000,74.11266204245574,66.63336231377463,1.0500604451527575
snp_3_111612297,-156.76652,18.35948641008294,17.972279,77.143071461793,17.970833464830076,78.22474886398358,128.75670599357252,37.65102077644389,76.143071461793,9.070216392163384e-12,9.31597e-19,100,100,0.7376028848276731,7376.028848276731,1.1069019768359494,0.6663669414848205,333.18347074241024,20000.0,19999.0,100000,73.75660046834318,66.63336231377463,1.0323560329285255
snp_4_72064764,-147.18766,15.505649210490605,16.571577,79.78932736318647,16.47037346996597,80.34069458314946,123.33196190866161,43.35524642455646,78.78932736318647,9.382624083027723e-13,3.23748e-19,100,100,0.7436718807798336,7436.718807798336,1.116009565424659,0.6663669414848205,333.18347074241024,20000.0,19999.0,100000,74.36346971857947,66.63336231377463,1.0595165564672573
snp_5_40183454,-143.13356,15.527646896026342,16.382248999999998,77.21697018893303,16.48634387809635,77.73028974607615,146.61107805289473,42.00069215796575,76.21697018893303,1.4694467802124226e-12,1.1846850000000001e-18,100,100,0.7129109588011348,7129.109588011347,1.0698474285242954,0.6663669414848205,333.18347074241024,20000.0,19999.0,100000,71.28753132531946,66.63336231377463,1.0691486824128915
