covar,true_effect,mean_blue,sd_blue,se_of_mean,ratio_blue_over_true,t_stat_bias,nrep
snp_1_8457047,-37.690642030217234,-40.482511599999995,18.88315626493225,1.888315626493225,1.0740732823692543,-1.4784973076601176,100
snp_2_80280319,-26.34776283472025,-24.961696079999996,16.29543036619968,1.6295430366199681,0.9473933797182302,0.8505861603970044,100
snp_3_111612297,-22.131630243734985,-21.668861856,13.206592523095958,1.320659252309596,0.9790901807666886,0.3504071068488614,100
snp_4_72064764,-20.627624413327418,-21.64915961,12.078687467578664,1.2078687467578664,1.0495226777550097,-0.8457336108865847,100
snp_5_40183454,-20.02346683741395,-21.513288863000007,12.16951215729067,1.216951215729067,1.0744038001852065,-1.2242249371463227,100
