covar,mean_blue,sd_blue,mean_se,mean_chi2,sd_chi2,median_chi2,max_chi2,min_chi2,ncp_empirical,mean_pval,median_pval,n_sig_5e8,nrep,c_l,c_l_N,ratio_cl_cbar,c_bar,S_N,Wss,Wtilde,M,ncp_theoretical_cl,ncp_theoretical_cbar,ncp_ratio
snp_1_8457047,-40.482511599999995,18.883156264932246,19.570249,5.208833804420248,4.582742686382954,4.077013821773116,26.514753011319613,0.05790144261538713,4.208833804420248,0.12471219739826,0.0435291,0,100,0.7286109900500153,3643.054950250076,1.538513890614093,0.47358102809146074,1172.1130445263655,202.02020202020202,201.02020202020202,100000,3.6250218282463385,2.3561840100120404,1.1610506098542137
snp_2_80280319,-24.961696080000003,16.29543036619968,15.490312,3.7131096083410426,3.8942907542250893,2.381399858343995,23.502698261600838,7.753862025609173e-05,2.7131096083410426,0.24013028433439998,0.1227875,0,100,0.5855907950471513,2927.9539752357564,1.2365165838823649,0.47358102809146074,1172.1130445263655,202.02020202020202,201.02020202020202,100000,2.9134606030583394,2.3561840100120404,0.9312326398005921
snp_3_111612297,-21.668861856,13.206592523095958,13.425360000000001,3.541961650715519,3.379771223709026,2.7156585538456057,17.341163167656955,4.8294721226311755e-05,2.5419616507155194,0.23727959620699998,0.09938225,0,100,0.5320484720920207,2660.242360460103,1.1234581635083327,0.47358102809146074,1172.1130445263655,202.02020202020202,201.02020202020202,100000,2.6470741607758255,2.3561840100120404,0.9602910596091879
snp_4_72064764,-21.64915961,12.078687467578662,12.135093,4.163246382806618,3.787816938277289,3.1652658580308732,18.683844261759443,0.00034061348625488274,3.1632463828066175,0.185006092363,0.07523384999999999,0,100,0.574839913886646,2874.19956943323,1.213815334206398,0.47358102809146074,1172.1130445263655,202.02020202020202,201.02020202020202,100000,2.8599722815645356,2.3561840100120404,1.106040923262437
snp_5_40183454,-21.513288863,12.16951215729067,12.306154,4.0107953155499265,3.1851239819199706,3.4021146776555984,14.065576423349338,2.7878600112774594e-05,3.0107953155499265,0.17962281183999998,0.06511725,0,100,0.5255158718009829,2627.5793590049147,1.1096641136973338,0.47358102809146074,1172.1130445263655,202.02020202020202,201.02020202020202,100000,2.6145728411778406,2.3561840100120404,1.151543865266187
