covar,true_effect,mean_blue,sd_blue,se_of_mean,ratio_blue_over_true,t_stat_bias,nrep
snp_1_8457047,-153.96413375347373,-154.55483199999998,17.904778806093287,1.7904778806093287,1.0038365964340246,-0.32991094328695103,100
snp_2_80280319,-107.0591014104497,-106.57782599999999,13.81123542693068,1.381123542693068,0.9955045820102247,0.3484665893908864,100
snp_3_111612297,-91.84932419323016,-90.475417,12.806825958894938,1.2806825958894938,0.9850417277938837,1.0727928978186232,100
snp_4_72064764,-84.42739670449036,-85.23121800000001,10.657836102812812,1.0657836102812812,1.0095208584758708,-0.7542068462635727,100
snp_5_40183454,-81.74231484066061,-82.11227199999999,11.055156724572686,1.1055156724572686,1.0045258953096756,-0.33464668892215854,100
