covar,mean_blue,sd_blue,mean_se,mean_chi2,sd_chi2,median_chi2,max_chi2,min_chi2,ncp_empirical,mean_pval,median_pval,n_sig_5e8,nrep,c_l,c_l_N,ratio_cl_cbar,c_bar,S_N,Wss,Wtilde,M,ncp_theoretical_cl,ncp_theoretical_cbar,ncp_ratio
snp_1_8457047,-154.554832,17.904778806093287,19.15042,66.01676446802153,15.157897798470216,66.52727585272919,108.11752754823242,27.125400996265924,65.01676446802153,1.9142776978248544e-09,3.4523800000000003e-16,99,100,0.6192798190723049,6192.798190723049,1.4936082207696162,0.41461998565675184,1036.5499641418796,4000.0,3999.0,100000,61.91249991175368,41.45163306603377,1.0501395446911768
snp_2_80280319,-106.577826,13.811235426930681,14.617055,54.049614308388115,14.072726294478652,51.658404329620446,93.67838474725978,28.475221594604236,53.04961430838811,2.489968525255366e-09,6.605004999999999e-13,98,100,0.5119186936131659,5119.1869361316585,1.2346696042697853,0.41461998565675184,1036.5499641418796,4000.0,3999.0,100000,51.17907139397625,41.45163306603377,1.0365489811257502
snp_3_111612297,-90.475417,12.806825958894938,13.063816,48.97045785635473,14.032496528059427,48.62757171068688,99.41567543803653,23.692088340233333,47.97045785635473,2.8222121320372592e-08,3.094815e-12,94,100,0.4709602919091979,4709.602919091979,1.1358842028881069,0.41461998565675184,1036.5499641418796,4000.0,3999.0,100000,47.08425518362206,41.45163306603377,1.018821635157583
snp_4_72064764,-85.23121800000001,10.657836102812817,11.695705,53.91485713280492,12.910349863522907,53.47579424741237,79.81207435171531,22.975577635454385,52.91485713280492,2.0176799638153178e-08,2.62376e-13,95,100,0.5017525206737807,5017.525206737807,1.2101503497932264,0.41461998565675184,1036.5499641418796,4000.0,3999.0,100000,50.16270825436123,41.45163306603377,1.0548644396249163
snp_5_40183454,-82.11227199999999,11.055156724572685,11.829447,49.01851581848095,13.188306809568877,49.514501674629074,108.8438971456119,25.410126784306733,48.01851581848096,1.2697922683932785e-08,1.97146e-12,95,100,0.45932318151266965,4593.231815126696,1.107817272206762,0.41461998565675184,1036.5499641418796,4000.0,3999.0,100000,45.920835071729144,41.45163306603377,1.0456803702170312
