covar,true_effect,mean_blue,sd_blue,se_of_mean,ratio_blue_over_true,t_stat_bias,nrep
snp_1_8457047,-37.71335663856312,-38.1079324,14.81292015124881,1.481292015124881,1.010462493837884,-0.26637270531942897,100
snp_2_80280319,-26.224017077648064,-25.65749579,11.689792062966303,1.1689792062966302,0.9783968533131052,0.4846290546457416,100
snp_3_111612297,-22.498397749288408,-21.24482139,10.970773335422038,1.0970773335422037,0.9442815273666295,1.1426508605741652,100
snp_4_72064764,-20.68040422375355,-21.256440599999998,9.10901989958935,0.910901989958935,1.027854212616638,-0.632380193035277,100
snp_5_40183454,-20.022696175355133,-19.963483749999998,9.212264051751454,0.9212264051751454,0.9970427346628764,0.06427564931106933,100
