covar,mean_blue,sd_blue,mean_se,mean_chi2,sd_chi2,median_chi2,max_chi2,min_chi2,ncp_empirical,mean_pval,median_pval,n_sig_5e8,nrep,c_l,c_l_N,ratio_cl_cbar,c_bar,S_N,Wss,Wtilde,M,ncp_theoretical_cl,ncp_theoretical_cbar,ncp_ratio
snp_1_8457047,-38.1079324,14.812920151248806,15.977673,6.541653511558994,4.535289955485097,5.822200495407918,22.587593692471362,0.03781906702415965,5.541653511558994,0.07906235168680001,0.015826,0,100,0.5539227833943675,5539.227833943675,1.5967276494083322,0.3469112491410941,1717.210683248416,202.02020202020202,201.02020202020202,100000,5.5118086561656545,3.4519403845784575,1.0054147118042558
snp_2_80280319,-25.65749579,11.689792062966305,12.32552,5.225151217346705,4.301646237332503,3.9450017771198453,17.480317486538087,0.0020554515726329547,4.225151217346706,0.122270134136,0.04704335,0,100,0.4476788805249278,4476.788805249278,1.2904709248642727,0.3469112491410941,1717.210683248416,202.02020202020202,201.02020202020202,100000,4.454628700663294,3.4519403845784575,0.948485609298387
snp_3_111612297,-21.244821390000002,10.970773335422038,11.295125,4.485188532377838,4.12891759784508,3.472402296073403,24.690269963245154,9.513857904531964e-05,3.4851885323778387,0.17371163073065,0.06240255,0,100,0.3908705701185719,3908.705701185719,1.1267163318754154,0.3469112491410941,1717.210683248416,202.02020202020202,201.02020202020202,100000,3.8893576079648495,3.4519403845784575,0.8960833339779993
snp_4_72064764,-21.2564406,9.10901989958935,9.958693799999999,5.376848864133507,3.7082898820641423,4.59886486071378,14.1671487596575,0.017950687022747006,4.3768488641335095,0.11017998586,0.03199325,0,100,0.4295984216227337,4295.984216227337,1.2383525258588817,0.3469112491410941,1717.210683248416,202.02020202020202,201.02020202020202,100000,4.274719094357012,3.4519403845784575,1.0238915745156956
snp_5_40183454,-19.96348375,9.212264051751456,9.936261100000001,4.873468747776646,4.161021400343216,3.861723286635154,25.890360840740634,0.0015685294301935287,3.873468747776646,0.13443768578476,0.049534800000000004,0,100,0.4041692750898316,4041.692750898316,1.165050934757811,0.3469112491410941,1717.210683248416,202.02020202020202,201.02020202020202,100000,4.02168637178137,3.4519403845784575,0.9631454046131717
