covar,true_effect,mean_blue,sd_blue,se_of_mean,ratio_blue_over_true,t_stat_bias,nrep
snp_1_115650225,-84.8225664138774,-84.49184099999998,9.590935961005057,0.9590935961005057,0.9961009737401283,0.34483121899894265,100
snp_2_63525953,-58.79610305231285,-59.17374199999999,7.5716040798536595,0.757160407985366,1.0064228567555087,-0.49875686011099185,100
snp_3_45813815,-50.08962037981048,-49.86005599999999,5.713640128786269,0.5713640128786268,0.9954169271384014,0.4017830570985859,100
snp_4_105627074,-46.19789390960276,-46.268612999999995,4.02845700016179,0.40284570001617903,1.001530786025346,-0.17554882773824573,100
snp_5_47008319,-44.780092228788895,-44.50657700000001,6.229866677592448,0.6229866677592448,0.9938920351617087,0.4390386551491802,100
