covar,mean_blue,sd_blue,mean_se,mean_chi2,sd_chi2,median_chi2,max_chi2,min_chi2,ncp_empirical,mean_pval,median_pval,n_sig_5e8,nrep,c_l,c_l_N,ratio_cl_cbar,c_bar,S_N,Wss,Wtilde,M,ncp_theoretical_cl,ncp_theoretical_cbar,ncp_ratio
snp_1_115650225,-84.49184100000001,9.590935961005055,9.4707476,80.63638190352573,17.94339978983005,81.72163003056933,124.15752719928763,36.48982333190852,79.63638190352572,1.5665299386686693e-11,1.56699e-19,100,100,0.15447150371992113,7723.5751859960565,1.6382335027211945,0.09429150573671922,2121.5588790761826,1111.111111111111,1110.111111111111,50000,77.1662396832866,47.10332169077809,1.0320106594590759
snp_2_63525953,-59.173742000000004,7.5716040798536595,6.944627400000001,73.71745498995911,18.32894305831704,73.4017234371498,120.82554818914129,38.260168549699614,72.71745498995911,1.6801884278264917e-11,1.0760675e-17,100,100,0.1376673846556544,6883.369232782719,1.46001894423077,0.09429150573671922,2121.5588790761826,1111.111111111111,1110.111111111111,50000,68.77174200473216,47.10332169077809,1.0573740444869848
snp_3_45813815,-49.86005600000001,5.713640128786269,5.443555,84.93859289820205,18.86078913777259,81.95343533797396,136.36675447305785,40.73893134455116,83.93859289820205,2.7927301593734427e-12,1.39352e-19,100,100,0.16284024870054706,8142.012435027353,1.7269874675162113,0.09429150573671922,2121.5588790761826,1111.111111111111,1110.111111111111,50000,81.34684623835828,47.10332169077809,1.0318604442543422
snp_4_105627074,-46.268612999999995,4.028457000161789,4.5768268999999995,103.01725927993265,17.628655718311716,103.0516297086528,139.62089565085367,55.48171001762288,102.01725927993265,1.0877589853343358e-15,3.266355e-24,100,100,0.19542022803238687,9771.011401619344,2.072511479221037,0.09429150573671922,2121.5588790761826,1111.111111111111,1110.111111111111,50000,97.62217491357886,47.10332169077809,1.0450213731690017
snp_5_47008319,-44.506577,6.229866677592448,5.8820961,58.320971393693654,15.7738005082733,57.536433263519726,102.97151206518639,22.51518790321284,57.32097139369363,2.5051675983413425e-08,3.3208649999999995e-14,97,100,0.11129764147184452,5564.882073592226,1.180357027944912,0.09429150573671922,2121.5588790761826,1111.111111111111,1110.111111111111,50000,55.59873679725993,47.10332169077809,1.03097614614364
