covar,true_effect,mean_blue,sd_blue,se_of_mean,ratio_blue_over_true,t_stat_bias,nrep
snp_1_8457047,-153.87140175321608,-157.510763,24.688763663354646,2.4688763663354645,1.0236519665468495,-1.4740961906431136,100
snp_2_80280319,-107.56429134821848,-106.252643,19.979475188374693,1.9979475188374693,0.9878059128008173,0.6564978988945956,100
snp_3_111612297,-90.35200212183136,-89.595357,15.928278579447813,1.5928278579447812,0.9916255854429094,0.4750325768458435,100
snp_4_72064764,-84.21192403071562,-85.50190199999999,14.56922103103344,1.456922103103344,1.0153182341352736,-0.885413136732996,100
snp_5_40183454,-81.74546105534098,-83.601409,15.123676992649605,1.5123676992649604,1.0227039877284754,-1.2271803646434976,100
