covar,mean_blue,sd_blue,mean_se,mean_chi2,sd_chi2,median_chi2,max_chi2,min_chi2,ncp_empirical,mean_pval,median_pval,n_sig_5e8,nrep,c_l,c_l_N,ratio_cl_cbar,c_bar,S_N,Wss,Wtilde,M,ncp_theoretical_cl,ncp_theoretical_cbar,ncp_ratio
snp_1_8457047,-157.510763,24.688763663354642,24.223743,43.336904259409536,13.637628309874653,42.84450541907846,87.43676293276621,13.930542528103596,42.336904259409536,2.159505898713657e-06,6.031305e-11,84,100,0.759921607337285,3799.608036686425,1.404412199690827,0.5410958460091541,676.3698075114426,4000.0,3999.0,100000,37.98658134677253,27.048028602382587,1.114522622420894
snp_2_80280319,-106.252643,19.979475188374682,18.842793999999998,33.01118131224943,12.415293905677789,31.895828021798117,78.31558194429086,10.22061575335221,32.011181312249434,2.679194400043053e-05,1.62656e-08,56,100,0.635261239688956,3176.30619844478,1.1740271975368461,0.5410958460091541,676.3698075114426,4000.0,3999.0,100000,31.755121218951686,27.048028602382587,1.008063584186381
snp_3_111612297,-89.595357,15.928278579447811,15.891956,32.73351183906066,11.137582885392984,31.762755001219357,61.181594499699095,11.85281962180915,31.73351183906066,1.4321446963870054e-05,1.742105e-08,59,100,0.6104093497690446,3052.046748845223,1.1280983845488954,0.5410958460091541,676.3698075114426,4000.0,3999.0,100000,30.51283737158012,27.048028602382587,1.0400052755702585
snp_4_72064764,-85.50190200000002,14.56922103103344,14.670716,34.937481321113886,11.552488086267331,34.29637525410433,68.49869100282228,11.715085379231926,33.937481321113886,1.2841382585140603e-05,4.81085e-09,67,100,0.6308911601258669,3154.4558006293346,1.1659508473018174,0.5410958460091541,676.3698075114426,4000.0,3999.0,100000,31.536671866791774,27.048028602382587,1.0761275465103903
snp_5_40183454,-83.601409,15.123676992649603,14.772939,33.02137212791816,10.809119961119622,32.783110535052685,55.19302106166145,2.7114122191066885,32.02137212791817,0.0010120236743693181,1.0325495e-08,62,100,0.5862083083954629,2931.0415419773144,1.0833724056819791,0.5410958460091541,676.3698075114426,4000.0,3999.0,100000,29.3030878159182,27.048028602382587,1.0927644325088268
