covar,true_effect,mean_blue,sd_blue,se_of_mean,ratio_blue_over_true,t_stat_bias,nrep
snp_1_115650225,-109.50546236783993,-109.36168400000003,11.226676787160917,1.1226676787160916,0.9986870210423209,0.12806850198477993,100
snp_2_63525953,-75.90544264783425,-75.25028200000001,8.417061310728442,0.8417061310728442,0.9913687263392446,0.7783721938667173,100
snp_3_45813815,-64.66542184961922,-63.492316,6.649746514234946,0.6649746514234945,0.9818588386796996,1.7641361924217425,100
snp_4_105627074,-59.64122458058286,-59.929717000000004,4.635816365796303,0.46358163657963025,1.0048371310523203,-0.6223120086155337,100
snp_5_47008319,-57.810850481243854,-57.18082800000001,7.033549181422628,0.7033549181422628,0.9891020028939335,0.895739071403509,100
