covar,mean_blue,sd_blue,mean_se,mean_chi2,sd_chi2,median_chi2,max_chi2,min_chi2,ncp_empirical,mean_pval,median_pval,n_sig_5e8,nrep,c_l,c_l_N,ratio_cl_cbar,c_bar,S_N,Wss,Wtilde,M,ncp_theoretical_cl,ncp_theoretical_cbar,ncp_ratio
snp_1_115650225,-109.36168400000001,11.226676787160915,10.837747,102.89835574187953,20.482279127448592,105.30287595952831,151.0790299673274,44.571594401510225,101.89835574187953,2.452172549648482e-13,1.048405e-24,100,100,0.19707025253358804,9853.512626679401,1.6155260757051797,0.12198518829079658,1524.8148536349572,2000.0,1999.0,50000,98.48585870366063,60.96209784832559,1.0346496145044228
snp_2_63525953,-75.250282,8.417061310728444,7.6946188,96.75507988648988,21.080174015084907,95.17765654250212,151.05456198488224,54.816251635836025,95.75507988648988,2.717542853270954e-15,1.7508049999999998e-22,100,100,0.18683558926505098,9341.77946325255,1.5316252069854548,0.12198518829079658,1524.8148536349572,2000.0,1999.0,50000,93.37108573520922,60.96209784832559,1.0255324668499777
snp_3_45813815,-63.492316,6.649746514234944,6.244037100000001,104.48993944753312,21.35155892501028,103.65908940913835,164.48022752724123,55.548257615866554,103.48993944753315,1.6047039608191781e-15,2.4173050000000003e-24,100,100,0.20696833099930223,10348.416549965112,1.6966677176077891,0.12198518829079658,1524.8148536349572,2000.0,1999.0,50000,103.43242341690129,60.96209784832559,1.0005560735089811
snp_4_105627074,-59.929717000000004,4.635816365796304,5.3007286,128.62007179956458,19.6521252383755,128.40748117864737,173.96530468711757,76.58410564806915,127.62007179956458,2.987546120953465e-20,9.171075e-30,100,100,0.2434566637179014,12172.83318589507,1.9957887275423378,0.12198518829079658,1524.8148536349572,2000.0,1999.0,50000,121.66746769302122,60.96209784832559,1.0489251910918567
snp_5_47008319,-57.180828,7.033549181422627,6.506606399999999,78.32981319948611,18.565798480342185,78.33404733197133,126.90577817374877,37.29534776407877,77.32981319948613,1.2786304548149579e-11,8.707300000000001e-19,100,100,0.15185634731438394,7592.8173657191965,1.2448752954529074,0.12198518829079658,1524.8148536349572,2000.0,1999.0,50000,75.89020957036337,60.96209784832559,1.018969556643377
