covar,true_effect,mean_blue,sd_blue,se_of_mean,ratio_blue_over_true,t_stat_bias,nrep
snp_1_12709676,-38.05974188811238,-35.736377299999994,11.084785893409078,1.108478589340908,0.9389547991433419,2.095994104400191,100
snp_2_52446065,-26.401584095256943,-28.64288,6.661107306316468,0.6661107306316467,1.08489247829435,-3.3647497355548155,100
snp_3_89229500,-22.415983220014976,-22.272376999999995,4.504018907168611,0.4504018907168611,0.9935935792507751,0.31884018023640276,100
snp_4_98371204,-20.67143811911749,-21.103559399999995,5.726190599906911,0.5726190599906911,1.020904267927197,-0.7546400584177727,100
snp_5_76120008,-20.03054021068154,-19.3913608,4.520961379292897,0.4520961379292897,0.9680897567435206,1.4138130301425182,100
