covar,mean_blue,sd_blue,mean_se,mean_chi2,sd_chi2,median_chi2,max_chi2,min_chi2,ncp_empirical,mean_pval,median_pval,n_sig_5e8,nrep,c_l,c_l_N,ratio_cl_cbar,c_bar,S_N,Wss,Wtilde,M,ncp_theoretical_cl,ncp_theoretical_cbar,ncp_ratio
snp_1_12709676,-35.7363773,11.084785893409077,10.659983,12.297038554016396,6.914597023765907,10.947731609057097,32.04584316027618,0.12632991568661722,11.2970385540164,0.022135025211168998,0.000941728,1,100,0.24993498569175868,12496.749284587933,2.0652647795310726,0.12101837409366342,574.8372769449013,210.52631578947367,209.52631578947367,20000,12.43738972548614,6.022176840835926,0.908312660723899
snp_2_52446065,-28.64288,6.661107306316468,7.4143894,15.78006872817226,7.2066605781754305,15.119344792363002,47.17254078256815,3.5386509457954105,14.78006872817226,0.0033413821788609056,0.0001010218,3,100,0.24885698554337454,12442.849277168727,2.0563570400538445,0.12101837409366342,574.8372769449013,210.52631578947367,209.52631578947367,20000,12.383745743102176,6.022176840835926,1.1935055059092157
snp_3_89229500,-22.272377000000002,4.50401890716861,5.1777715,19.287104084458296,7.669889325859777,18.001383472370314,41.06633940799399,6.226954577780052,18.287104084458296,0.00067486845473186,2.21091e-05,8,100,0.3723026325145617,18615.131625728085,3.0764141007746,0.12101837409366342,574.8372769449013,210.52631578947367,209.52631578947367,20000,18.526709750505876,6.022176840835926,0.9870670146359346
snp_4_98371204,-21.103559399999998,5.726190599906912,5.7231754,14.61082470950429,7.37419116574656,14.168501931140554,35.227361454046,0.9765903558529954,13.610824709504291,0.0092676098381629,0.000167258,3,100,0.2571177205924766,12855.88602962383,2.1246172122051292,0.12101837409366342,574.8372769449013,210.52631578947367,209.52631578947367,20000,12.794820570983118,6.022176840835926,1.063776129879598
snp_5_76120008,-19.3913608,4.520961379292896,4.6108623,18.647475025807367,8.55118027736558,17.909445532935415,45.46067940439198,4.282440194278914,17.647475025807363,0.001217094440618482,2.3498350000000002e-05,11,100,0.3704107937467575,18520.539687337874,3.0607814434862117,0.12101837409366342,574.8372769449013,210.52631578947367,209.52631578947367,20000,18.432567123823016,6.022176840835926,0.9574073381780356
