covar,true_effect,mean_blue,sd_blue,se_of_mean,ratio_blue_over_true,t_stat_bias,nrep
snp_1_12709676,-17.284544699744835,-16.63884716,10.446055874150897,1.0446055874150897,0.962643069229682,0.6181256806625296,100
snp_2_52446065,-11.936404614714991,-12.332462610000004,6.465452640775848,0.6465452640775848,1.0331806777726653,-0.6125758199622137,100
snp_3_89229500,-10.0338602038602,-9.779707199999999,4.575267067836638,0.4575267067836638,0.9746704659327001,0.5554932643098687,100
snp_4_98371204,-9.23859059770456,-10.0740732,4.849817294895566,0.48498172948955653,1.0904339891956059,-1.722709437270527,100
snp_5_76120008,-8.95601844575778,-8.548375099,3.6827725289052835,0.3682772528905284,0.954483864763491,1.1068925478244331,100
