covar,mean_blue,sd_blue,mean_se,mean_chi2,sd_chi2,median_chi2,max_chi2,min_chi2,ncp_empirical,mean_pval,median_pval,n_sig_5e8,nrep,c_l,c_l_N,ratio_cl_cbar,c_bar,S_N,Wss,Wtilde,M,ncp_theoretical_cl,ncp_theoretical_cbar,ncp_ratio
snp_1_12709676,-16.63884716,10.446055874150895,9.7093051,4.076948779081466,3.921833182061462,2.908475880567175,18.245493078033284,0.0004877069137405094,3.076948779081466,0.214310960871,0.0882036,0,100,0.310664120639667,3106.6412063966695,2.132723645480114,0.14566543644698557,721.0439104125785,40.4040404040404,39.4040404040404,20000,3.0297518365383516,1.4206021689492265,1.0155778245511484
snp_2_52446065,-12.33246261,6.46545264077585,6.767985200000001,4.245070136761134,3.5996239884072216,2.9692481016693897,18.547191426582337,0.0029092990922787933,3.245070136761134,0.161128874405,0.0849563,0,100,0.30607953635947627,3060.795363594763,2.101250261045096,0.14566543644698557,721.0439104125785,40.4040404040404,39.4040404040404,20000,2.9850406783457926,1.4206021689492265,1.0871108592595264
snp_3_89229500,-9.7797072,4.575267067836637,4.5339102,5.664777080205232,4.40815914590476,4.583310943211975,20.210192663469186,0.009480029830882718,4.6647770802052335,0.1199068622408,0.0323229,0,100,0.4887692977252583,4887.692977252583,3.3554239746032284,0.14566543644698557,721.0439104125785,40.4040404040404,39.4040404040404,20000,4.766722576065581,1.4206021689492265,0.9786130838886595
snp_4_98371204,-10.0740732,4.849817294895566,5.1416531,4.734160965692087,3.9534635999691847,3.8786841819099447,21.471243759193214,0.00040661568757612113,3.7341609656920873,0.15139059634920002,0.0489537,0,100,0.318242061437096,3182.42061437096,2.184746561706964,0.14566543644698557,721.0439104125785,40.4040404040404,39.4040404040404,20000,3.1036557041652784,1.4206021689492265,1.2031492284020537
snp_5_76120008,-8.548375099,3.682772528905283,4.068716800000001,5.216443749282312,4.1034878475539225,4.443255626783175,18.719357463820316,0.00028468182761021946,4.216443749282312,0.113930287827,0.035099450000000004,0,100,0.47945067697630955,4794.506769763096,3.2914512095036628,0.14566543644698557,721.0439104125785,40.4040404040404,39.4040404040404,20000,4.675842727211458,1.4206021689492265,0.9017505496376865
