covar,true_effect,mean_blue,sd_blue,se_of_mean,ratio_blue_over_true,t_stat_bias,nrep
snp_1_8457047,-155.6471181563059,-157.82818,17.61755257735187,1.761755257735187,1.0140128636464942,-1.2380050146681245,100
snp_2_80280319,-107.61295050963848,-106.434461,12.591302077186802,1.2591302077186801,0.9890488133253726,0.9359552351410064,100
snp_3_111612297,-91.49211859793222,-92.578616,10.829615486871118,1.0829615486871118,1.0118753114335723,-1.003264985155708,100
snp_4_72064764,-84.20754031803389,-82.49134899999999,10.1438313834795,1.01438313834795,0.9796195054320288,1.691857103252859,100
snp_5_40183454,-81.7892507903346,-82.701374,9.181848805243282,0.9181848805243282,1.0111521159669699,-0.9933982022711252,100
