covar,mean_blue,sd_blue,mean_se,mean_chi2,sd_chi2,median_chi2,max_chi2,min_chi2,ncp_empirical,mean_pval,median_pval,n_sig_5e8,nrep,c_l,c_l_N,ratio_cl_cbar,c_bar,S_N,Wss,Wtilde,M,ncp_theoretical_cl,ncp_theoretical_cbar,ncp_ratio
snp_1_8457047,-157.82818,17.617552577351862,15.650844,103.0547186107041,22.810031397394408,103.40945882016703,150.38970433972884,54.569941646657554,102.0547186107041,1.6804003991130906e-15,2.9970250000000004e-24,100,100,0.4772169703693205,9544.33940738641,1.5829762974908501,0.3014681717760078,1507.3408588800391,4000.0,3999.0,100000,95.41953322534563,60.27856094661277,1.0695369717402474
snp_2_80280319,-106.43446100000001,12.5913020771868,12.176706999999999,77.45945051847315,18.28999643076443,76.15487161601659,126.92788835181315,43.80459206679703,76.45945051847316,6.991142655741175e-13,2.908315e-18,100,100,0.3819532525375103,7639.065050750206,1.2669770420119284,0.3014681717760078,1507.3408588800391,4000.0,3999.0,100000,76.37155284487518,60.27856094661277,1.0011509216497996
snp_3_111612297,-92.578616,10.829615486871118,10.915758,73.05070965862983,17.452289385760974,72.59060052976099,119.65601638585206,34.358766120945035,72.05070965862983,5.3831412237510874e-11,1.597875e-17,100,100,0.3426313466716317,6852.626933432634,1.1365423575335452,0.3014681717760078,1507.3408588800391,4000.0,3999.0,100000,68.50913776699277,60.27856094661277,1.0516948834428823
snp_4_72064764,-82.49134899999999,10.143831383479505,9.6273747,74.47482102093146,18.12466373362265,73.4843400637125,131.09730205960824,39.63078035422781,73.47482102093146,3.918985725819649e-12,1.0150285e-17,100,100,0.3747914215769162,7495.8284315383235,1.2432205342572213,0.3014681717760078,1507.3408588800391,4000.0,3999.0,100000,74.93954474430438,60.27856094661277,0.9804545953892487
snp_5_40183454,-82.701374,9.181848805243277,9.708594,73.48759791284749,16.056645791418873,73.19119409864552,115.13838967574911,37.855320231492655,72.48759791284748,1.383315826658796e-11,1.17747e-17,100,100,0.34250790210683874,6850.158042136774,1.1361328795973977,0.3014681717760078,1507.3408588800391,4000.0,3999.0,100000,68.4844550262624,60.27856094661277,1.0584533071782487
