covar,true_effect,mean_blue,sd_blue,se_of_mean,ratio_blue_over_true,t_stat_bias,nrep
snp_1_8457047,-85.05701639693235,-85.73543700000002,18.891461136616563,1.8891461136616563,1.007976068663186,-0.3591149451922005,100
snp_2_80280319,-59.10306076932422,-60.31353400000001,13.931533628805894,1.3931533628805894,1.0204807198632266,-0.8688729201879986,100
snp_3_111612297,-50.186489434731016,-50.824557,10.988813287324882,1.0988813287324883,1.0127139310291629,-0.5806519308185591,100
snp_4_72064764,-46.18802153517006,-43.34603849999999,11.8145145187853,1.18145145187853,0.9384692623604579,2.4055013269070518,100
snp_5_40183454,-44.77514441463255,-43.714316,10.842847302260854,1.0842847302260854,0.9763076495117707,0.9783670147336286,100
