covar,mean_blue,sd_blue,mean_se,mean_chi2,sd_chi2,median_chi2,max_chi2,min_chi2,ncp_empirical,mean_pval,median_pval,n_sig_5e8,nrep,c_l,c_l_N,ratio_cl_cbar,c_bar,S_N,Wss,Wtilde,M,ncp_theoretical_cl,ncp_theoretical_cbar,ncp_ratio
snp_1_8457047,-85.735437,18.891461136616556,17.817906,24.240122660844648,10.495140865992164,22.123528513220606,52.6493382931279,7.6266992570477825,23.240122660844644,0.000252691812351686,2.5579200000000002e-06,26,100,0.45324612151132676,22662.30607556634,1.5678503445306464,0.28908761801944244,1373.1661855923517,1052.6315789473683,1051.6315789473683,100000,22.640776884794548,14.440649239116198,1.0264719615894724
snp_2_80280319,-60.313534,13.931533628805894,13.847416,19.972113058454184,8.90952619031835,19.233198932689376,54.586578219698005,3.857377378960947,18.972113058454184,0.0015956371681573283,1.159045e-05,12,100,0.36251082777797994,18125.541388898997,1.253982547787984,0.28908761801944244,1373.1661855923517,1052.6315789473683,1051.6315789473683,100000,18.10832212457954,14.440649239116198,1.0477013236197166
snp_3_111612297,-50.824557000000006,10.98881328732488,12.350922,17.71637959851407,7.389152440011298,17.262354462755354,39.398583233627434,3.0787362580894824,16.716379598514074,0.0019091048897663802,3.2556849999999996e-05,8,100,0.3273754880393764,16368.77440196882,1.1324438254472695,0.28908761801944244,1373.1661855923517,1052.6315789473683,1051.6315789473683,100000,16.35322406628695,14.440649239116198,1.0222069685314097
snp_4_72064764,-43.346038500000006,11.814514518785302,10.925389000000001,16.86783937568931,8.327808495132079,16.462649710605866,45.388375498257375,0.08735532995294043,15.86783937568931,0.012012516916424864,4.961725e-05,5,100,0.35478101988238087,17739.050994119043,1.2272439141911649,0.28908761801944244,1373.1661855923517,1052.6315789473683,1051.6315789473683,100000,17.72219889567463,14.440649239116198,0.8953651558194675
snp_5_40183454,-43.714316,10.842847302260854,11.059014,16.59757245531654,7.653848615551438,16.038814842807227,35.16089262559163,2.2375112074485113,15.597572455316541,0.005290082283156801,6.218845e-05,7,100,0.32499631324143224,16249.815662071613,1.1242138818258718,0.28908761801944244,1373.1661855923517,1052.6315789473683,1051.6315789473683,100000,16.23437833719264,14.440649239116198,0.9607742367062377
