covar,true_effect,mean_blue,sd_blue,se_of_mean,ratio_blue_over_true,t_stat_bias,nrep
snp_1_12709676,-122.2201876691157,-123.21819399999998,15.798715201418096,1.5798715201418096,1.0081656422716856,-0.631700944134178,100
snp_2_52446065,-84.4031264605137,-84.87103499999999,10.31917231608062,1.031917231608062,1.005543734682686,-0.4534361140157866,100
snp_3_89229500,-70.9501059162738,-70.659078,7.905868849837079,0.7905868849837079,0.9958981327439139,0.36811629664183254,100
snp_4_98371204,-65.32670060243174,-65.04168399999999,7.845504403465205,0.7845504403465206,0.9956370580512505,0.36328652407086387,100
snp_5_76120008,-63.328613754271295,-62.810373000000006,6.541527092259007,0.6541527092259007,0.9918166414271726,0.792232068998928,100
