covar,mean_blue,sd_blue,mean_se,mean_chi2,sd_chi2,median_chi2,max_chi2,min_chi2,ncp_empirical,mean_pval,median_pval,n_sig_5e8,nrep,c_l,c_l_N,ratio_cl_cbar,c_bar,S_N,Wss,Wtilde,M,ncp_theoretical_cl,ncp_theoretical_cbar,ncp_ratio
snp_1_12709676,-123.218194,15.79871520141809,14.635803000000001,72.18335629901705,18.75187058637559,69.42175772396415,122.87570818047921,39.07043901474351,71.18335629901706,1.3839683879278257e-11,7.99179e-17,100,100,0.6652944905606599,6652.9449056066,1.8360067730546503,0.3623594968845231,181.1797484422616,4000.0,3999.0,20000,66.51281669380198,36.22689070103021,1.0702201445883182
snp_2_52446065,-84.87103499999999,10.319172316080618,10.560121500000001,65.65626046043252,15.96929787797666,64.74233303440973,112.62090265592023,27.85998712544273,64.65626046043252,1.5028404903109253e-09,8.927495e-16,99,100,0.6103357278617156,6103.357278617156,1.684337607015217,0.3623594968845231,181.1797484422616,4000.0,3999.0,20000,61.01831439297502,36.22689070103021,1.0596205598867925
snp_3_89229500,-70.659078,7.905868849837078,8.1817212,75.59625190760394,17.278515454931714,75.0527666188809,130.72141520485525,37.776923617701826,74.59625190760394,9.062041250687493e-12,4.62998e-18,100,100,0.7272329623930843,7272.329623930843,2.0069377749049013,0.3623594968845231,181.1797484422616,4000.0,3999.0,20000,72.7051154152486,36.22689070103021,1.0260110513758804
snp_4_98371204,-65.04168399999999,7.845504403465204,8.0757335,66.01519340194618,16.69380488019134,63.14381589369597,116.69948911561546,31.378541673708686,65.01519340194618,2.251070538433425e-10,1.952895e-15,100,100,0.6280648180105535,6280.648180105534,1.7332644056813706,0.3623594968845231,181.1797484422616,4000.0,3999.0,20000,62.79078018060508,36.22689070103021,1.0354257936426816
snp_5_76120008,-62.810373,6.541527092259008,7.1505938,78.08354435612033,16.5637733790491,76.68651742749246,133.28041189854116,41.00316433912643,77.08354435612031,1.925078928441609e-12,2.0090000000000002e-18,100,100,0.7530967311109593,7530.9673111095935,2.078313767366104,0.3623594968845231,181.1797484422616,4000.0,3999.0,20000,75.29084569281815,36.22689070103021,1.023810313814461
