covar,true_effect,mean_blue,sd_blue,se_of_mean,ratio_blue_over_true,t_stat_bias,nrep
snp_1_12709676,-22.314251256296476,-22.122960090000003,12.42738652713206,1.2427386527132058,0.9914273992840116,0.1539271075852008,100
snp_2_52446065,-15.409832095461509,-15.928219899999998,7.868302778646908,0.7868302778646907,1.0336400683230782,-0.6588305243480166,100
snp_3_89229500,-12.953657822574636,-12.6839945,5.777344185100617,0.5777344185100617,0.9791824574750858,0.46676000933106704,100
snp_4_98371204,-11.926969175779396,-12.49572371,5.8913009202655005,0.5891300920265501,1.0476864261019134,-0.9654141621999714,100
snp_5_76120008,-11.56217009624877,-11.14929934,4.667481083030548,0.4667481083030548,0.9642912400689623,0.8845686761320463,100
