covar,mean_blue,sd_blue,mean_se,mean_chi2,sd_chi2,median_chi2,max_chi2,min_chi2,ncp_empirical,mean_pval,median_pval,n_sig_5e8,nrep,c_l,c_l_N,ratio_cl_cbar,c_bar,S_N,Wss,Wtilde,M,ncp_theoretical_cl,ncp_theoretical_cbar,ncp_ratio
snp_1_12709676,-22.122960090000003,12.427386527132056,11.610619,4.767780138937095,4.2645446596606265,3.49552321233337,17.52565561462638,0.006814496780885887,3.767780138937095,0.183012322327,0.06153825,0,100,0.36196034479163697,3619.6034479163695,2.084722119624539,0.1736252239012202,512.1944105085995,67.79661016949153,66.79661016949153,20000,3.566214297059603,1.710642518486772,1.0565209561421156
snp_2_52446065,-15.928219899999998,7.868302778646906,8.0607715,4.86531071387561,3.9559555538680744,3.856165220616626,19.314374362693222,0.00043160104534777457,3.86531071387561,0.132652022702,0.04956515,0,100,0.3598329151232176,3598.3291512321757,2.072469120776689,0.1736252239012202,512.1944105085995,67.79661016949153,66.79661016949153,20000,3.5452537962515014,1.710642518486772,1.090277575603336
snp_3_89229500,-12.6839945,5.777344185100617,5.696739,5.983712106915087,4.7325208773262135,4.714642070108731,23.34594570157045,0.044087276501344475,4.983712106915087,0.1100564478491,0.029907299999999998,0,100,0.5166729095730914,5166.729095730914,2.9757940578209983,0.1736252239012202,512.1944105085995,67.79661016949153,66.79661016949153,20000,5.090519841568883,1.710642518486772,0.9790183050105001
snp_4_98371204,-12.49572371,5.891300920265501,6.2606289,4.885349783199165,3.987000422702189,3.873335383411186,20.707167604223613,0.00587828350383477,3.885349783199165,0.1436266609877,0.049105300000000005,0,100,0.3578728426649127,3578.728426649127,2.061180021104051,0.1736252239012202,512.1944105085995,67.79661016949153,66.79661016949153,20000,3.525942182356052,1.710642518486772,1.1019323580067768
snp_5_76120008,-11.14929934,4.667481083030548,5.0572031,5.701251427711924,4.2930934647115535,4.849023019218254,18.89575507668297,0.008428521442571713,4.701251427711923,0.10055050296,0.0276623,0,100,0.5179064487027806,5179.064487027806,2.9828986656767724,0.1736252239012202,512.1944105085995,67.79661016949153,66.79661016949153,20000,5.102673285844146,1.710642518486772,0.9213310679235825
