covar,true_effect,mean_blue,sd_blue,se_of_mean,ratio_blue_over_true,t_stat_bias,nrep
snp_1_8457047,-85.25143762488065,-89.16310500000002,27.24400937249807,2.724400937249807,1.0458838875225929,-1.4357899094940352,100
snp_2_80280319,-58.94204047381606,-57.212087000000004,19.61025127562785,1.961025127562785,0.9706499221962879,0.8821679281417908,100
snp_3_111612297,-50.11229719002541,-51.81714300000001,15.273661429251502,1.5273661429251502,1.0340205080503462,-1.1161998174907477,100
snp_4_72064764,-46.12236934421291,-44.0698866,15.40985294547446,1.540985294547446,0.9554991910997641,1.331928832465391,100
snp_5_40183454,-44.7978176193135,-46.117441,13.701183433381612,1.3701183433381612,1.0294573140124927,-0.9631455465893303,100
