covar,mean_blue,sd_blue,mean_se,mean_chi2,sd_chi2,median_chi2,max_chi2,min_chi2,ncp_empirical,mean_pval,median_pval,n_sig_5e8,nrep,c_l,c_l_N,ratio_cl_cbar,c_bar,S_N,Wss,Wtilde,M,ncp_theoretical_cl,ncp_theoretical_cbar,ncp_ratio
snp_1_8457047,-89.163105,27.24400937249807,23.916142,15.211530093606557,8.281685348545087,15.440213493290134,35.81549356122708,1.8818295336843869,14.211530093606555,0.01306168459953,8.577885e-05,4,100,0.6323236732980041,12646.473465960082,1.4507440203167248,0.43586164371020875,828.1371230493967,1052.6315789473683,1051.6315789473683,100000,12.634459316167419,8.708951502973681,1.1248229732649557
snp_2_80280319,-57.212087000000004,19.61025127562785,18.301405,10.90403148339691,7.23296861787559,9.793919638817055,36.21142067030504,0.8046215101167922,9.904031483396912,0.0239803726537306,0.0017636750000000001,1,100,0.5230483366841627,10460.966733683255,1.200032955943978,0.43586164371020875,828.1371230493967,1052.6315789473683,1051.6315789473683,100000,10.451028815286255,8.708951502973681,0.947660910561334
snp_3_111612297,-51.817142999999994,15.273661429251506,15.906934000000001,11.581852185872817,6.289423189078836,10.75786637119651,34.33060235911107,0.6859426892121081,10.581852185872817,0.019651730715861,0.001038415,1,100,0.4978836380945082,9957.672761890164,1.1422974360770686,0.43586164371020875,828.1371230493967,1052.6315789473683,1051.6315789473683,100000,9.948212972766367,8.708951502973681,1.063693772423355
snp_4_72064764,-44.0698866,15.40985294547446,14.326088,10.579884214306542,7.0183490875935135,8.509273695503337,33.49985955407374,0.22839636784475253,9.579884214306542,0.0273100588430649,0.00353744,3,100,0.5233846251034392,10467.692502068783,1.2008045044941413,0.43586164371020875,828.1371230493967,1052.6315789473683,1051.6315789473683,100000,10.457748194191817,8.708951502973681,0.9160561180491192
snp_5_40183454,-46.117441,13.70118343338161,14.521928,10.979926855240164,6.10359959272773,10.128044576960752,31.918089099872798,0.9570480979846329,9.979926855240167,0.023190540877584,0.00146132,1,100,0.4746529187977123,9493.058375954246,1.088999056575152,0.43586164371020875,828.1371230493967,1052.6315789473683,1051.6315789473683,100000,9.48403997049709,8.708951502973681,1.0522864608632692
