covar,true_effect,mean_blue,sd_blue,se_of_mean,ratio_blue_over_true,t_stat_bias,nrep
snp_1_12709676,-118.47795704902352,-118.67932699999997,18.31883722167742,1.831883722167742,1.0016996406419563,-0.1099250725030556,100
snp_2_52446065,-84.0675655270313,-86.868475,14.226577953249116,1.4226577953249115,1.033317361522359,-1.9687865080224836,100
snp_3_89229500,-70.8214231796511,-70.277709,11.716127958761794,1.1716127958761793,0.9923227442313342,0.4640732685447438,100
snp_4_98371204,-65.20995175398131,-66.327221,9.317436622180074,0.9317436622180073,1.0171334162342862,-1.1991165503171015,100
snp_5_76120008,-63.297743453517455,-62.739007999999984,8.418616371713155,0.8418616371713155,0.9911729009118978,0.6636903605619111,100
