covar,mean_blue,sd_blue,mean_se,mean_chi2,sd_chi2,median_chi2,max_chi2,min_chi2,ncp_empirical,mean_pval,median_pval,n_sig_5e8,nrep,c_l,c_l_N,ratio_cl_cbar,c_bar,S_N,Wss,Wtilde,M,ncp_theoretical_cl,ncp_theoretical_cbar,ncp_ratio
snp_1_12709676,-118.679327,18.31883722167742,18.278584000000002,43.15137545836167,12.465356585915924,42.8384069210296,82.65600747699638,13.61902000302352,42.15137545836167,3.299834761451667e-06,5.94882e-11,85,100,0.7867192729488612,3933.5963647443064,1.6656505784767168,0.4723195147378015,118.07987868445036,4000.0,3999.0,20000,39.32612965653121,23.610071742955853,1.071841440449537
snp_2_52446065,-86.868475,14.226577953249112,13.848022,40.40302555676501,13.222940309366514,37.533677597912344,75.73554975608603,12.981067421790794,39.40302555676501,3.5293382205948297e-06,9.00314e-10,84,100,0.702460971123486,3512.3048556174303,1.4872579878759464,0.4723195147378015,118.07987868445036,4000.0,3999.0,20000,35.114267794035264,23.610071742955853,1.122137183320629
snp_3_89229500,-70.277709,11.716127958761794,10.890420999999998,42.826021422775085,14.426348866956554,40.337871264252925,87.32541186401365,17.5687489809217,41.82602142277508,5.867904870605378e-07,2.140885e-10,82,100,0.8135148549802381,4067.5742749011906,1.7223824754135857,0.4723195147378015,118.07987868445036,4000.0,3999.0,20000,40.665573813324656,23.610071742955853,1.0285363638240408
snp_4_98371204,-66.327221,9.317436622180072,10.4762744,40.82762370674835,11.207498581664469,39.82988855435424,70.55981599639607,21.51158174249107,39.82762370674835,1.2860577311164683e-07,2.7850049999999997e-10,81,100,0.7491121866770981,3745.5609333854904,1.5860284474863429,0.4723195147378015,118.07987868445036,4000.0,3999.0,20000,37.44624543152145,23.610071742955853,1.0635945806524654
snp_5_76120008,-62.739008000000005,8.418616371713156,9.54976,43.89894833870972,11.582436180447024,42.72603184328206,85.3339257976726,23.37065464818525,42.89894833870974,5.711368241188739e-08,6.30364e-11,90,100,0.8399403830358173,4199.701915179086,1.7783308900588048,0.4723195147378015,118.07987868445036,4000.0,3999.0,20000,41.98651989700292,23.610071742955853,1.0217314615249153
