covar,true_effect,mean_blue,sd_blue,se_of_mean,ratio_blue_over_true,t_stat_bias,nrep
snp_1_12709676,-52.98495315938339,-52.933385,10.516359918384548,1.0516359918384548,0.9990267395494667,0.04903613016632818,100
snp_2_52446065,-37.59615824427198,-38.545082,8.234979131708394,0.8234979131708394,1.025239912800734,-1.152308634364636,100
snp_3_89229500,-31.672303298595832,-30.845121000000002,5.924698692850945,0.5924698692850945,0.9738831025076569,1.3961592672956542,100
snp_4_98371204,-29.16277698627677,-29.526408,5.486006562461414,0.5486006562461414,1.012469011915235,-0.6628337199073232,100
snp_5_76120008,-28.307611436881466,-27.353492999999993,3.8695014301105086,0.38695014301105085,0.96629463284075,2.4657399773960647,100
