covar,mean_blue,sd_blue,mean_se,mean_chi2,sd_chi2,median_chi2,max_chi2,min_chi2,ncp_empirical,mean_pval,median_pval,n_sig_5e8,nrep,c_l,c_l_N,ratio_cl_cbar,c_bar,S_N,Wss,Wtilde,M,ncp_theoretical_cl,ncp_theoretical_cbar,ncp_ratio
snp_1_12709676,-52.933385,10.516359918384548,10.882961,24.61068184648414,9.248347264289185,24.638443854607637,60.54425316762831,2.786118316466524,23.610681846484134,0.0011373129578636219,6.916070000000001e-07,28,100,0.4496309979174548,2248.154989587274,2.0404351153051716,0.22036035086085407,495.8107894369217,444.44444444444446,443.44444444444446,20000,22.430966408607027,10.99322700357086,1.0525931614531079
snp_2_52446065,-38.545082,8.234979131708393,7.7409054,25.964898220026075,11.048243355024654,24.463784616775072,59.23620013029034,5.893322943306308,24.964898220026075,0.00037026102298220434,7.57224e-07,27,100,0.45217414392221034,2260.8707196110518,2.0519759664375123,0.22036035086085407,495.8107894369217,444.44444444444446,443.44444444444446,20000,22.55783760491927,10.99322700357086,1.1067061771285156
snp_3_89229500,-30.845121,5.924698692850946,5.4447392,33.33894142421892,12.607584431594178,31.212268948694977,71.30394864735055,11.190411571451582,32.33894142421892,2.330781751046438e-05,2.35549e-08,55,100,0.6495741409243074,3247.8707046215372,2.9477813880160286,0.22036035086085407,495.8107894369217,444.44444444444446,443.44444444444446,20000,32.40562995536139,10.99322700357086,0.9979420695961062
snp_4_98371204,-29.526408,5.486006562461414,6.0324184,24.70259852381976,8.906745227636968,22.856745459578473,51.654506156617586,6.880802130082814,23.702598523819756,0.00018075248838571474,1.74545e-06,22,100,0.4534297004479934,2267.148502239967,2.0576737088892654,0.22036035086085407,495.8107894369217,444.44444444444446,443.44444444444446,20000,22.620474181099272,10.99322700357086,1.0478382696161455
snp_5_76120008,-27.353493,3.8695014301105095,4.854866599999999,32.31979265022914,8.682453313025661,31.625655438148964,63.296579338456915,10.064444991805004,31.31979265022914,1.9293666851804506e-05,1.86992e-08,64,100,0.6482357572758658,3241.178786379329,2.9417077743046094,0.22036035086085407,495.8107894369217,444.44444444444446,443.44444444444446,20000,32.33886134109976,10.99322700357086,0.9684877992418529
