covar,true_effect,mean_blue,sd_blue,se_of_mean,ratio_blue_over_true,t_stat_bias,nrep
snp_1_115650225,-59.63005259404551,-58.39688060000001,26.978214200993445,2.6978214200993444,0.9793196225661448,0.45709919302223073,100
snp_2_63525953,-41.28116335934329,-43.3567736,20.425894087618172,2.0425894087618173,1.050279838835669,-1.016166162300287,100
snp_3_45813815,-35.6898247159496,-39.768949899999996,17.423562573202243,1.7423562573202243,1.1142937858763833,-2.341154495191567,100
snp_4_105627074,-32.652909169180845,-36.286995100000006,15.292358955290236,1.5292358955290237,1.111294399895283,-2.376406374872587,100
snp_5_47008319,-31.640429925396877,-33.5298718,16.726077630083648,1.6726077630083647,1.0597160619832957,-1.1296383505985657,100
