covar,mean_blue,sd_blue,mean_se,mean_chi2,sd_chi2,median_chi2,max_chi2,min_chi2,ncp_empirical,mean_pval,median_pval,n_sig_5e8,nrep,c_l,c_l_N,ratio_cl_cbar,c_bar,S_N,Wss,Wtilde,M,ncp_theoretical_cl,ncp_theoretical_cbar,ncp_ratio
snp_1_115650225,-58.3968806,26.978214200993445,30.834778,4.3648063175753045,3.7679222316602083,3.381921919449943,18.964188533833692,0.002404320494327929,3.3648063175753045,0.146702446747,0.0660029,0,100,0.7351358706761615,3675.6793533808072,1.3967160795814477,0.5263316442211067,250.00753100502567,526.3157894736842,525.3157894736842,50000,3.668695562609383,2.6266580704854325,0.9171669494380352
snp_2_63525953,-43.3567736,20.42589408761817,21.444247,4.993865764053891,4.116824101573926,4.057854700835193,17.925629409050497,0.003414318732156689,3.993865764053891,0.139400199163,0.04397365,0,100,0.7323426211846027,3661.7131059230132,1.3914090654160876,0.5263316442211067,250.00753100502567,526.3157894736842,525.3157894736842,50000,3.654755851021759,2.6266580704854325,1.0927859279402554
snp_3_45813815,-39.768949899999996,17.423562573202243,18.597023,5.4548924564197225,4.335217739021374,4.4715482579635335,18.65642898740023,0.007070121215877819,4.4548924564197225,0.113919818872,0.034468,0,100,0.7515436994863717,3757.7184974318584,1.4278900152365828,0.5263316442211067,250.00753100502567,526.3157894736842,525.3157894736842,50000,3.7505788322867377,2.6266580704854325,1.1877879803698361
snp_4_105627074,-36.2869951,15.292358955290231,16.334973,5.811849425836154,4.673958718796966,4.415262724728711,21.239931307462605,0.006649656960465512,4.811849425836154,0.09465363129389999,0.03563525,0,100,0.8076485425103123,4038.2427125515615,1.5344860058823049,0.5263316442211067,250.00753100502567,526.3157894736842,525.3157894736842,50000,4.030570051397713,2.6266580704854325,1.1938384309106627
snp_5_47008319,-33.5298718,16.726077630083644,16.467688,5.190289725884288,4.018261927016745,3.9839208849254613,16.34625909393876,0.026041224916223637,4.1902897258842895,0.11496407378300001,0.0459469,0,100,0.7235430346342254,3617.715173171127,1.3746903546051512,0.5263316442211067,250.00753100502567,526.3157894736842,525.3157894736842,50000,3.6108415143421015,2.6266580704854325,1.1604745622981916
