covar,true_effect,mean_blue,sd_blue,se_of_mean,ratio_blue_over_true,t_stat_bias,nrep
snp_1_12709676,-53.7254112437425,-55.182407000000005,6.709827316482982,0.6709827316482981,1.0271193039295201,-2.1714355489869797,100
snp_2_52446065,-37.47447920110732,-36.771856,5.72224440590165,0.572224440590165,0.9812506213272055,1.227880445621424,100
snp_3_89229500,-31.6937995807472,-31.670531999999998,3.307463573720942,0.33074635737209424,0.999265863321691,0.0703487135340562,100
snp_4_98371204,-29.235407865417688,-28.270445999999996,3.8124926880783008,0.38124926880783006,0.9669933845335834,2.5310523701071914,100
snp_5_76120008,-28.322885234941264,-27.031098999999998,3.1853656903583487,0.3185365690358349,0.9543907259367905,4.055378127702325,100
