covar,mean_blue,sd_blue,mean_se,mean_chi2,sd_chi2,median_chi2,max_chi2,min_chi2,ncp_empirical,mean_pval,median_pval,n_sig_5e8,nrep,c_l,c_l_N,ratio_cl_cbar,c_bar,S_N,Wss,Wtilde,M,ncp_theoretical_cl,ncp_theoretical_cbar,ncp_ratio
snp_1_12709676,-55.182407000000005,6.709827316482983,8.1994095,45.99909920597546,11.365262206859304,45.89948010094547,101.39732610364095,18.697643963111002,44.99909920597546,2.0007477501090486e-07,1.24575e-11,94,100,0.20870369974397662,4174.073994879533,2.127693420469872,0.09808917851420872,882.8026066278785,444.44444444444446,443.44444444444446,20000,41.64682328391054,19.573695572510353,1.0804929561904908
snp_2_52446065,-36.771856,5.72224440590165,5.821731,40.924510797524206,12.365227704742523,40.46465621928503,74.86605669483485,13.203066507588723,39.9245107975242,5.174237403956008e-06,2.00342e-10,82,100,0.2002596014480622,4005.192028961244,2.0416074890366587,0.09808917851420872,882.8026066278785,444.44444444444446,443.44444444444446,20000,39.96180346896082,19.573695572510353,0.9990667920814539
snp_3_89229500,-31.670531999999998,3.3074635737209435,3.7322185,72.88234147121885,15.499702156506201,70.79300037951148,122.45244870658009,37.70609997794426,71.88234147121885,9.076982345897064e-12,3.9678050000000004e-17,100,100,0.34749899132587597,6949.9798265175195,3.5426842857649072,0.09808917851420872,882.8026066278785,444.44444444444446,443.44444444444446,20000,69.34342371907856,19.573695572510353,1.0366136774905412
snp_4_98371204,-28.270446000000003,3.8124926880783003,4.2824956,44.37240297434329,11.980070719695721,42.90961842136922,91.2712050011478,19.151423696846578,43.3724029743433,2.1876607341486262e-07,5.734265e-11,91,100,0.22587199255160967,4517.4398510321935,2.302720809501845,0.09808917851420872,882.8026066278785,444.44444444444446,443.44444444444446,20000,45.07275611367371,19.573695572510353,0.9622753679619211
snp_5_76120008,-27.031098999999998,3.185365690358349,3.3730200999999997,65.11539558257905,14.923212280869503,65.65958778232734,98.57606456025769,29.354354184638005,64.11539558257904,6.366223871014592e-10,5.36267e-16,99,100,0.34011804670700746,6802.360934140149,3.467436998238696,0.09808917851420872,882.8026066278785,444.44444444444446,443.44444444444446,20000,67.87055622038334,19.573695572510353,0.9446717273745207
