covar,true_effect,mean_blue,sd_blue,se_of_mean,ratio_blue_over_true,t_stat_bias,nrep
snp_1_115650225,-109.6665364736294,-112.27664499999999,16.36299126075889,1.636299126075889,1.0238004099545737,-1.595129206375637,100
snp_2_63525953,-76.24952278146449,-75.863921,10.321200297625074,1.0321200297625075,0.9949428958057922,0.37360168424714596,100
snp_3_45813815,-64.46303925243338,-64.068701,10.135966220480723,1.0135966220480723,0.993882723231693,0.38904850692632725,100
snp_4_105627074,-59.66043413142918,-59.88514400000001,7.403468281871053,0.7403468281871053,1.0037664806138655,-0.3035197288831277,100
snp_5_47008319,-57.82838640650307,-57.820251,10.609245803090955,1.0609245803090954,0.9998593181133244,0.007668223221581034,100
