covar,mean_blue,sd_blue,mean_se,mean_chi2,sd_chi2,median_chi2,max_chi2,min_chi2,ncp_empirical,mean_pval,median_pval,n_sig_5e8,nrep,c_l,c_l_N,ratio_cl_cbar,c_bar,S_N,Wss,Wtilde,M,ncp_theoretical_cl,ncp_theoretical_cbar,ncp_ratio
snp_1_115650225,-112.276645,16.362991260758886,16.325967000000002,48.485430182378,14.751208744926673,46.22156134032265,102.16140961015334,21.65071226382027,47.485430182378,1.2386758061113718e-07,1.058535e-11,93,100,0.439702717429479,4397.02717429479,1.5121729588677515,0.29077541352062597,726.938533801565,2000.0,1999.0,50000,43.94828660707642,29.06300258138657,1.0804842201682567
snp_2_63525953,-75.863921,10.321200297625076,11.06564,47.89198222739421,12.81077452489008,47.760406098533956,84.18959361904264,21.175046324788795,46.891982227394216,8.1353147292936e-08,4.816145e-12,89,100,0.45804060229136584,4580.4060229136585,1.5752384176692953,0.29077541352062597,726.938533801565,2000.0,1999.0,50000,45.781158199022016,29.06300258138657,1.0242637816968976
snp_3_45813815,-64.068701,10.135966220480725,9.2295024,49.356969407959916,15.176770488679763,47.745350274083,103.05396582550453,14.665224439144644,48.3569694079599,1.4029027618319385e-06,4.865685e-12,90,100,0.4700781880948702,4700.781880948702,1.6166366420162464,0.29077541352062597,726.938533801565,2000.0,1999.0,50000,46.984314900082275,29.06300258138657,1.0292151649076238
snp_4_105627074,-59.885144,7.403468281871051,8.0632048,55.97039404127131,13.606351420008066,53.90517462742608,105.78288511547088,24.22216052729456,54.97039404127132,1.2187679075712457e-08,2.1388e-13,97,100,0.5324527916448978,5324.5279164489775,1.831147913085604,0.29077541352062597,726.938533801565,2000.0,1999.0,50000,53.21865652490753,29.06300258138657,1.0329158537766532
snp_5_47008319,-57.820251,10.609245803090953,9.0152052,42.59908221739217,15.683079050783272,40.754521096498095,95.34527292335358,15.959656796151133,41.59908221739216,1.4633367401611236e-06,1.731805e-10,76,100,0.406711684885246,4067.11684885246,1.3987141483555872,0.29077541352062597,726.938533801565,2000.0,1999.0,50000,40.650832904280335,29.06300258138657,1.0233266884185288
