covar,true_effect,mean_blue,sd_blue,se_of_mean,ratio_blue_over_true,t_stat_bias,nrep
snp_1_12709676,-69.3592076717198,-70.765171,7.96274787785738,0.796274787785738,1.0202707524419061,-1.7656760578717599,100
snp_2_52446065,-48.379344617894965,-48.231017,6.597646209724949,0.6597646209724949,0.9969340713673063,0.22481899328934676,100
snp_3_89229500,-40.91651931808984,-41.23842500000001,4.189836334653999,0.4189836334653999,1.0078673769732864,-0.7683013277814584,100
snp_4_98371204,-37.74274926078135,-37.082273,4.709727559789998,0.47097275597899985,0.9825005789531168,1.402366171708669,100
snp_5_76120008,-36.56468761049049,-35.768043000000006,3.9538852628482637,0.39538852628482635,0.9782127330342096,2.014839980249205,100
