covar,mean_blue,sd_blue,mean_se,mean_chi2,sd_chi2,median_chi2,max_chi2,min_chi2,ncp_empirical,mean_pval,median_pval,n_sig_5e8,nrep,c_l,c_l_N,ratio_cl_cbar,c_bar,S_N,Wss,Wtilde,M,ncp_theoretical_cl,ncp_theoretical_cbar,ncp_ratio
snp_1_12709676,-70.765171,7.962747877857383,9.4563889,56.765353048111464,13.111518620418085,56.291825452546945,118.4455540716053,25.674778383459408,55.765353048111464,4.235719023448352e-09,6.24784e-14,99,100,0.26245092808787535,5249.018561757507,2.08545852537672,0.12584806885117308,629.2403442558654,800.0,799.0,20000,52.4245728855531,25.138151753021823,1.063725462672849
snp_2_52446065,-48.231017,6.597646209724949,6.6414184999999994,53.81890361168401,14.476423921536583,53.98452225618603,99.02927663369942,18.469307450521754,52.81890361168401,1.8223350049874973e-07,2.0324049999999999e-13,95,100,0.256884983595196,5137.699671903921,2.0412310331037826,0.12584806885117308,629.2403442558654,800.0,799.0,20000,51.312775473140405,25.138151753021823,1.029351913332616
snp_3_89229500,-41.238425,4.189836334654,4.5248232999999995,84.0265855656032,17.380786729220826,81.35881274633434,140.89034332286806,42.25625430338266,83.0265855656032,8.127748267490713e-13,1.9099249999999999e-19,100,100,0.3960434202823141,7920.868405646282,3.1469964052501425,0.12584806885117308,629.2403442558654,800.0,799.0,20000,79.10967320139224,25.138151753021823,1.0495124326229934
snp_4_98371204,-37.082273,4.709727559789997,5.0769215,54.224592987764545,13.76122648583657,53.07563981495383,97.13979701553991,28.600122724765466,53.224592987764545,2.528429820527659e-09,3.20966e-13,98,100,0.27009712254717344,5401.942450943468,2.1462158697610856,0.12584806885117308,629.2403442558654,800.0,799.0,20000,53.951900228797896,25.138151753021823,0.9865193396720225
snp_5_76120008,-35.768043,3.953885262848264,4.0397038,79.39997813087041,17.46607307845086,78.00847569175637,119.80788917360753,36.468069544864555,78.39997813087041,1.685573125798433e-11,1.0260150000000002e-18,100,100,0.3969285150483851,7938.570300967702,3.154029447347258,0.12584806885117308,629.2403442558654,800.0,799.0,20000,79.28647088091492,25.138151753021823,0.9888191170549641
