covar,true_effect,mean_blue,sd_blue,se_of_mean,ratio_blue_over_true,t_stat_bias,nrep
snp_1_8457047,-48.65840963029888,-52.4011348,25.22336875650117,2.522336875650117,1.0769183620701526,-1.4838323959944724,100
snp_2_80280319,-34.01481555623142,-32.580182549999996,20.624780326887926,2.0624780326887926,0.9578232901524995,0.6955870479556735,100
snp_3_111612297,-28.571811786135328,-27.818634369999998,16.49620421691777,1.6496204216917771,0.973639144000633,0.45657619548799266,100
snp_4_72064764,-26.630148608212878,-27.949282099999994,15.08952228920052,1.508952228920052,1.0495353409849275,-0.8742049393645898,100
snp_5_40183454,-25.850184531546905,-27.788299559999995,15.628180207654516,1.5628180207654516,1.0749749010916292,-1.2401412081899479,100
