covar,mean_blue,sd_blue,mean_se,mean_chi2,sd_chi2,median_chi2,max_chi2,min_chi2,ncp_empirical,mean_pval,median_pval,n_sig_5e8,nrep,c_l,c_l_N,ratio_cl_cbar,c_bar,S_N,Wss,Wtilde,M,ncp_theoretical_cl,ncp_theoretical_cbar,ncp_ratio
snp_1_8457047,-52.4011348,25.223368756501173,24.946134,5.431364192365428,4.728237017299928,4.673219359262465,24.129598528081736,0.0022800725422345014,4.431364192365428,0.12761613976970002,0.03063655,0,100,0.7468535496611682,3734.267748305841,1.435514556178807,0.5202688795084155,767.3965972749128,338.98305084745766,337.98305084745766,100000,3.7232516584483384,2.593670431569328,1.1901865892707868
snp_2_80280319,-32.580182549999996,20.624780326887926,19.472495,3.935987465885953,3.946991017794509,2.904401263235342,23.04762180649332,0.00035824829950459753,2.935987465885953,0.2358746225535,0.0885065,0,100,0.61810678676858,3090.5339338429,1.1880525841803342,0.5202688795084155,767.3965972749128,338.98305084745766,337.98305084745766,100000,3.0814168587380633,2.593670431569328,0.952804375545713
snp_3_111612297,-27.818634369999998,16.49620421691777,16.492765,3.8137357378119088,3.5023505484506408,2.869966891330936,16.383421135017162,0.0001449197303653729,2.8137357378119088,0.221044934751,0.09027555000000001,0,100,0.5872678636015728,2936.3393180078638,1.128777612369324,0.5202688795084155,767.3965972749128,338.98305084745766,337.98305084745766,100000,2.9276771170197406,2.593670431569328,0.9610813028030155
snp_4_72064764,-27.9492821,15.089522289200522,15.175127999999999,4.365146500848368,3.8097823268586133,3.5576639060840245,17.054509363503257,0.008506599289607104,3.3651465008483683,0.17608097228199998,0.0592805,0,100,0.61247175654066,3062.3587827032998,1.1772215880361014,0.5202688795084155,767.3965972749128,338.98305084745766,337.98305084745766,100000,3.053324824294325,2.593670431569328,1.1021252878412995
snp_5_40183454,-27.78829956,15.628180207654514,15.313212,4.301185198871655,3.408513712580664,3.6083700383937645,13.660444494714506,0.002625770534021546,3.3011851988716554,0.16623127885,0.05748955,0,100,0.5656644781534053,2828.3223907670263,1.0872541111586043,0.5202688795084155,767.3965972749128,338.98305084745766,337.98305084745766,100000,2.8199788397142638,2.593670431569328,1.170641833328845
