covar,true_effect,mean_blue,sd_blue,se_of_mean,ratio_blue_over_true,t_stat_bias,nrep
snp_1_12709676,-21.97380222438936,-19.7825382,8.311156896582258,0.8311156896582258,0.9002783404522859,2.636533098407103,100
snp_2_52446065,-15.242961684429138,-16.755039800000002,5.105010798794261,0.5105010798794261,1.0991984462649058,-2.9619489069993694,100
snp_3_89229500,-12.94187394622578,-12.6200641,3.1367244931110894,0.31367244931110894,0.9751342156813675,1.0259423386801798,100
snp_4_98371204,-11.934660362609176,-12.099030300000003,4.0033966349007,0.40033966349007005,1.0137724855502208,-0.4105761991152394,100
snp_5_76120008,-11.56463778265061,-10.921510299999998,3.1596124542825637,0.3159612454282564,0.9443884456445805,2.035463184033575,100
