covar,mean_blue,sd_blue,mean_se,mean_chi2,sd_chi2,median_chi2,max_chi2,min_chi2,ncp_empirical,mean_pval,median_pval,n_sig_5e8,nrep,c_l,c_l_N,ratio_cl_cbar,c_bar,S_N,Wss,Wtilde,M,ncp_theoretical_cl,ncp_theoretical_cbar,ncp_ratio
snp_1_12709676,-19.782538199999998,8.311156896582256,8.224937599999999,6.800829734756499,5.186174516209412,5.555273849394031,24.743076268254736,0.13944644005246642,5.800829734756501,0.07328914480651,0.0184353,0,100,0.14046798830587867,7023.399415293934,2.132532791415455,0.06586908715839439,971.5690355863171,67.79661016949153,66.79661016949153,20000,6.919804273918348,3.2448759061404036,0.8382939032857607
snp_2_52446065,-16.7550398,5.10501079879426,5.805007399999999,9.143561141167593,5.436225227284731,7.99966828022187,31.271656803523438,0.4908009201752979,8.143561141167593,0.028342900952441998,0.004683065,1,100,0.13574672687004657,6787.336343502328,2.0608563550246033,0.06586908715839439,971.5690355863171,67.79661016949153,66.79661016949153,20000,6.687223132435669,3.2448759061404036,1.217779185753218
snp_3_89229500,-12.6200641,3.1367244931110903,3.7055421,12.327859527861227,5.903207071674391,11.455777391436602,33.52523749484969,1.4060804550840185,11.327859527861227,0.009656768843089,0.000713427,1,100,0.24251394899922135,12125.697449961068,3.6817566397428854,0.06586908715839439,971.5690355863171,67.79661016949153,66.79661016949153,20000,11.946843412574141,3.2448759061404036,0.9481884993937872
snp_4_98371204,-12.099030299999999,4.003396634900701,4.2428237,9.034789073964335,5.491901800437538,8.182691902970628,27.608590770920465,0.1438280932454649,8.034789073964332,0.0385519922732,0.004229554999999999,0,100,0.15644788114511884,7822.394057255942,2.375133585332844,0.06586908715839439,971.5690355863171,67.79661016949153,66.79661016949153,20000,7.707013744911417,3.2448759061404036,1.042529485466317
snp_5_76120008,-10.9215103,3.159612454282563,3.3555639999999998,11.47581721657504,6.526428580875345,10.211282915803277,35.706077426858116,2.01695503179851,10.475817216575042,0.0127735190472838,0.0013963,2,100,0.23378052266229044,11689.026133114521,3.5491690070050916,0.06586908715839439,971.5690355863171,67.79661016949153,66.79661016949153,20000,11.516612997651082,3.2448759061404036,0.9096265732565364
