covar,true_effect,mean_blue,sd_blue,se_of_mean,ratio_blue_over_true,t_stat_bias,nrep
snp_1_115650225,-189.9247109540212,-188.88810999999998,17.517182391793888,1.7517182391793888,0.9945420427451793,0.5917623798373142,100
snp_2_63525953,-131.47208323705442,-131.6269,11.441547589483873,1.1441547589483874,1.001177563777296,-0.13531103352476626,100
snp_3_45813815,-112.09263757346496,-112.51758,10.026642225197888,1.0026642225197888,1.0037909931975375,-0.4238132936140076,100
snp_4_105627074,-103.52707111472994,-102.399128,9.938681898939064,0.9938681898939065,0.9891048485909552,1.1349021190127198,100
snp_5_47008319,-100.1333944372023,-101.63727399999999,9.054804191878285,0.9054804191878285,1.0150187614356851,-1.6608637038740148,100
