covar,mean_blue,sd_blue,mean_se,mean_chi2,sd_chi2,median_chi2,max_chi2,min_chi2,ncp_empirical,mean_pval,median_pval,n_sig_5e8,nrep,c_l,c_l_N,ratio_cl_cbar,c_bar,S_N,Wss,Wtilde,M,ncp_theoretical_cl,ncp_theoretical_cbar,ncp_ratio
snp_1_115650225,-188.88811,17.517182391793888,17.216249,121.70243710727112,24.07534613751817,118.70226098972071,197.47405798442117,67.52539139514208,120.70243710727114,2.087884374614823e-18,1.2178699999999999e-27,100,100,0.5831840379508545,11663.68075901709,1.4723661314070917,0.39608628961977327,396.0862896197733,10000.0,9999.0,50000,116.6251439094119,79.20933619816226,1.034960670239569
snp_2_63525953,-131.6269,11.441547589483873,11.885202999999999,123.76724436153887,22.343801028013235,120.89224245359904,182.568185979256,74.28108709858887,122.76724436153886,8.061323043492697e-20,4.082915e-28,100,100,0.587066062476878,11741.32124953756,1.482167087985897,0.39608628961977327,396.0862896197733,10000.0,9999.0,50000,117.40147117412606,79.20933619816226,1.045704479967329
snp_3_45813815,-112.51758,10.026642225197886,9.98619,127.9175141747139,22.154961950051863,128.4728323057817,185.02845434372247,77.05824969865844,126.91751417471393,1.7371579942093064e-20,8.924330000000001e-30,100,100,0.604105683071308,12082.11366142616,1.5251870587371879,0.39608628961977327,396.0862896197733,10000.0,9999.0,50000,120.80905450060018,79.20933619816226,1.0505629292387468
snp_4_105627074,-102.399128,9.938681898939064,8.7994086,136.76339908061325,26.825727845353512,133.45213002379515,224.8410688638473,83.17676877956201,135.76339908061323,9.662088265795025e-22,7.30177e-31,100,100,0.6576243175052785,13152.48635010557,1.6603056827252747,0.39608628961977327,396.0862896197733,10000.0,9999.0,50000,131.5117110147056,79.20933619816226,1.0323293494784824
snp_5_47008319,-101.63727399999999,9.054804191878283,9.2738621,121.07742725758816,21.331753853775965,119.87563761886852,179.04626216889795,69.72298100785008,120.07742725758816,7.127717499615968e-19,6.88882e-28,100,100,0.561865384290859,11237.307685817179,1.4185428756704175,0.39608628961977327,396.0862896197733,10000.0,9999.0,50000,112.36183955048598,79.20933619816226,1.0686673317023743
