covar,true_effect,mean_blue,sd_blue,se_of_mean,ratio_blue_over_true,t_stat_bias,nrep
snp_1_115650225,-34.6796038358599,-37.29937644,16.971287449277224,1.6971287449277224,1.075542172181078,-1.5436498921899258,100
snp_2_63525953,-24.112216249032507,-23.728604090000005,10.771696515984809,1.077169651598481,0.9840905475021238,0.3561297502795734,100
snp_3_45813815,-20.38500289345274,-19.916215,10.521303619823644,1.0521303619823645,0.9770032952213461,0.4455606552114651,100
snp_4_105627074,-18.86628580497656,-19.06082147,7.718200377836185,0.7718200377836185,1.0103112858055043,-0.25204795872114866,100
snp_5_47008319,-18.286941445686946,-18.26165999,11.099197111683186,1.1099197111683186,0.9986175131712411,0.02277773376989201,100
