covar,mean_blue,sd_blue,mean_se,mean_chi2,sd_chi2,median_chi2,max_chi2,min_chi2,ncp_empirical,mean_pval,median_pval,n_sig_5e8,nrep,c_l,c_l_N,ratio_cl_cbar,c_bar,S_N,Wss,Wtilde,M,ncp_theoretical_cl,ncp_theoretical_cbar,ncp_ratio
snp_1_115650225,-37.29937644,16.97128744927722,17.003235,5.849796031681175,4.911849670846412,4.6463687146813015,27.225898900936127,0.00022092688951138716,4.849796031681175,0.11768500381268,0.0311212,0,100,0.41851062201684536,4185.106220168454,1.5231214604817729,0.27477166652518165,810.5764162492859,169.49152542372883,168.49152542372883,50000,4.16041409346946,2.731505136926831,1.1657003179788827
snp_2_63525953,-23.728604089999997,10.77169651598481,11.540713,5.092799883405135,3.944372643204343,4.3010787457723465,18.735735090876382,0.0034001351796407444,4.092799883405136,0.131005359427,0.038106799999999996,0,100,0.43470536681128796,4347.05366811288,1.5820603787452339,0.27477166652518165,810.5764162492859,169.49152542372883,168.49152542372883,50000,4.321406051471014,2.731505136926831,0.9470991234466245
snp_3_45813815,-19.916215,10.521303619823646,9.6135061,5.456939732400639,4.822720380691905,4.326756513596925,26.87167819058848,0.02186367298949708,4.456939732400639,0.13556038261728,0.037520700000000004,0,100,0.4475575452680665,4475.575452680665,1.6288344097772898,0.27477166652518165,810.5764162492859,169.49152542372883,168.49152542372883,50000,4.449169557509848,2.731505136926831,1.0017464326298096
snp_4_105627074,-19.06082147,7.718200377836187,8.380365000000001,6.000290565455958,4.392370007731448,4.731360898448555,26.341748878696908,0.0032343576002743335,5.000290565455958,0.08830116426630999,0.0296341,0,100,0.5098898923031583,5098.898923031583,1.8556858454560818,0.27477166652518165,810.5764162492859,169.49152542372883,168.49152542372883,50000,5.068815419385697,2.731505136926831,0.9864810910912902
snp_5_47008319,-18.261659990000002,11.099197111683187,9.4518449,5.110541606910026,5.167910506249295,3.699776399595681,27.789368286550022,0.007138761629369416,4.110541606910026,0.19265749136368998,0.05441965,0,100,0.3802869997689656,3802.8699976896555,1.3840109665532558,0.27477166652518165,810.5764162492859,169.49152542372883,168.49152542372883,50000,3.7804330647032867,2.731505136926831,1.0873202981131602
