covar,true_effect,mean_blue,sd_blue,se_of_mean,ratio_blue_over_true,t_stat_bias,nrep
snp_1_8457047,-48.68773406357863,-49.2835215,18.494151758336102,1.8494151758336101,1.0122369103405666,-0.32214910108154665,100
snp_2_80280319,-33.85506047079661,-33.3347478,14.369693694061564,1.4369693694061563,0.9846311699473871,0.36209030051324714,100
snp_3_111612297,-29.04530659978148,-27.610092620000003,13.322165300415678,1.3322165300415678,0.950587060430883,1.077312844734553,100
snp_4_72064764,-26.69828705047833,-27.521481799999997,11.083439818474963,1.1083439818474963,1.0308332421464064,-0.7427249689662982,100
snp_5_40183454,-25.84918961110712,-26.164286500000003,11.46350965285632,1.146350965285632,1.0121898169201207,-0.2748694757842944,100
