covar,mean_blue,sd_blue,mean_se,mean_chi2,sd_chi2,median_chi2,max_chi2,min_chi2,ncp_empirical,mean_pval,median_pval,n_sig_5e8,nrep,c_l,c_l_N,ratio_cl_cbar,c_bar,S_N,Wss,Wtilde,M,ncp_theoretical_cl,ncp_theoretical_cbar,ncp_ratio
snp_1_8457047,-49.2835215,18.494151758336105,19.832345,7.037866528851553,4.750309856501034,6.6445234836448,23.42745999130023,0.16003714956194504,6.037866528851553,0.06350643665109999,0.009948275,0,100,0.5991143224546167,5991.143224546167,1.5198053632051456,0.3942046376196051,1162.903680977835,338.98305084745766,337.98305084745766,100000,5.9734693520337565,3.9304173393862727,1.0107805318856908
snp_2_80280319,-33.3347478,14.369693694061565,15.170866,5.7166058065845435,4.479852068798608,4.2771840650694255,19.8064602977525,0.010629524698990625,4.7166058065845435,0.1047517315765,0.03865155,0,100,0.4922466471994284,4922.466471994284,1.248708412391715,0.3942046376196051,1162.903680977835,338.98305084745766,337.98305084745766,100000,4.907945195901902,3.9304173393862727,0.9610143590280663
snp_3_111612297,-27.61009262,13.322165300415678,13.619808,5.0656955055643635,4.4266190768672535,4.178066345985992,24.954081834373554,0.00028013284347041596,4.065695505564363,0.14320918950614,0.0411319,0,100,0.4474026533897419,4474.026533897419,1.1349502534809628,0.3942046376196051,1162.903680977835,338.98305084745766,337.98305084745766,100000,4.460828155622422,3.9304173393862727,0.9114216830881426
snp_4_72064764,-27.5214818,11.083439818474965,12.160423000000002,5.92926438276166,3.9793828014481343,5.140810071674158,15.612637783559133,0.044400986816729646,4.92926438276166,0.096269727007,0.02363125,0,100,0.48008218005748843,4800.821800574884,1.217850157614717,0.3942046376196051,1162.903680977835,338.98305084745766,337.98305084745766,100000,4.786659376263188,3.9304173393862727,1.0297921776522563
snp_5_40183454,-26.1642865,11.46350965285632,12.292732,5.373750790259765,4.474604907571106,4.705002189037536,30.945970882627083,0.0756060633260796,4.373750790259766,0.114013814409283,0.03007655,1,100,0.44004188340880135,4400.418834088014,1.116277794360775,0.3942046376196051,1162.903680977835,338.98305084745766,337.98305084745766,100000,4.3874375985274545,3.9304173393862727,0.9968804551722212
