covar,true_effect,mean_blue,sd_blue,se_of_mean,ratio_blue_over_true,t_stat_bias,nrep
snp_1_12709676,-120.13367166013975,-120.93938499999999,10.551298104038088,1.0551298104038087,1.0067068069153802,-0.7636153693277594,100
snp_2_52446065,-83.79548291507798,-83.76706100000001,8.309391426340463,0.8309391426340463,0.9996608180526059,0.034204568806175284,100
snp_3_89229500,-70.86949032780508,-71.316179,6.191075758667029,0.619107575866703,1.0063029756546686,-0.7215041288577255,100
snp_4_98371204,-65.37235933700597,-64.136169,6.2070694456864866,0.6207069445686486,0.9810900149613202,1.991584511536361,100
snp_5_76120008,-63.33189670425377,-62.589984999999984,5.522463995563754,0.5522463995563754,0.9882853389387917,1.3434432616487353,100
