covar,mean_blue,sd_blue,mean_se,mean_chi2,sd_chi2,median_chi2,max_chi2,min_chi2,ncp_empirical,mean_pval,median_pval,n_sig_5e8,nrep,c_l,c_l_N,ratio_cl_cbar,c_bar,S_N,Wss,Wtilde,M,ncp_theoretical_cl,ncp_theoretical_cbar,ncp_ratio
snp_1_12709676,-120.939385,10.551298104038086,11.614621999999999,109.33345071532217,19.15918938536602,110.41025803427841,177.60492495936558,73.6294469227066,108.3334507153222,2.8870332753278274e-19,7.98665e-26,100,100,0.5179548559694617,10359.097119389233,1.9349432077204316,0.26768478470211404,267.68478470211403,4000.0,3999.0,20000,103.56507345109385,53.5235727011877,1.0460423297674781
snp_2_52446065,-83.767061,8.309391426340461,8.2834508,103.45721913538397,20.914191432206557,104.21178790940482,152.88925139632858,53.05545458964451,102.45721913538395,3.386163432308591e-15,1.873715e-24,100,100,0.48936490198961274,9787.298039792255,1.8281386539552091,0.26768478470211404,267.68478470211403,4000.0,3999.0,20000,97.84851215282308,53.5235727011877,1.0471004298497952
snp_3_89229500,-71.316179,6.191075758667029,6.276052999999999,130.27093178623403,23.201516007072957,129.4725990545599,194.89197152704207,75.25610818038778,129.27093178623403,4.424092690829307e-20,5.40694e-30,100,100,0.6143764126738024,12287.528253476048,2.29514880107024,0.26768478470211404,267.68478470211403,4000.0,3999.0,20000,122.84456371412678,53.5235727011877,1.0523130033418666
snp_4_98371204,-64.136169,6.207069445686488,6.4311292,100.49640571991411,19.637769762900913,97.14299122130251,157.1303599011318,61.74791203495959,99.49640571991411,1.145354483330525e-16,6.473985000000001e-23,100,100,0.5031237863927317,10062.475727854633,1.87953822983484,0.26768478470211404,267.68478470211403,4000.0,3999.0,20000,100.5996010892267,53.5235727011877,0.9890337997629423
snp_5_76120008,-62.589985,5.5224639955637524,5.501385299999999,130.65817638187525,23.849676860010025,128.29860376087885,195.31930372660133,68.54348953699873,129.65817638187525,1.9200658774046894e-18,9.685160000000001e-30,100,100,0.6378438049705666,12756.87609941133,2.3828168107514003,0.26768478470211404,267.68478470211403,4000.0,3999.0,20000,127.53686880386479,53.5235727011877,1.016632896807846
