covar,true_effect,mean_blue,sd_blue,se_of_mean,ratio_blue_over_true,t_stat_bias,nrep
snp_1_12709676,-70.56385825117053,-70.49331000000001,11.878291099061363,1.1878291099061362,0.9990002211766906,0.05939259324609088,100
snp_2_52446065,-48.730167782423614,-49.194148999999996,7.55099451364855,0.755099451364855,1.0095214368981453,-0.6144637196302134,100
snp_3_89229500,-40.96306274979314,-40.742403,5.57168538728089,0.5571685387280889,0.9946132018706475,0.396037705748534,100
snp_4_98371204,-37.71638817808405,-38.190405,5.649337678483231,0.5649337678483232,1.0125679272277557,-0.8390661859731717,100
snp_5_76120008,-36.56279219843437,-36.174322000000004,4.511080094355777,0.4511080094355777,0.9893752589702106,0.8611467548989424,100
