covar,mean_blue,sd_blue,mean_se,mean_chi2,sd_chi2,median_chi2,max_chi2,min_chi2,ncp_empirical,mean_pval,median_pval,n_sig_5e8,nrep,c_l,c_l_N,ratio_cl_cbar,c_bar,S_N,Wss,Wtilde,M,ncp_theoretical_cl,ncp_theoretical_cbar,ncp_ratio
snp_1_12709676,-70.49331000000001,11.878291099061363,11.104682,41.45631951556337,13.726314480721356,39.44480480573209,73.30581713194195,16.41072307812693,40.456319515563365,1.2038396635963408e-06,3.43382e-10,77,100,0.383917140921359,3839.17140921359,2.0689564927679953,0.18556076082959466,463.90190207398666,800.0,799.0,20000,38.34372444952073,18.532880987855766,1.0550962405549271
snp_2_52446065,-49.194148999999996,7.55099451364855,7.7125585999999995,41.71040621166364,12.591820051357178,40.63743878782736,75.5129908446843,8.4567918051577,40.71040621166364,3.680591531310786e-05,1.8331899999999998e-10,85,100,0.381239091412986,3812.39091412986,2.0545242954844745,0.18556076082959466,463.90190207398666,800.0,799.0,20000,38.07625425487198,18.532880987855766,1.0691809635254397
snp_3_89229500,-40.742402999999996,5.57168538728089,5.505109099999999,55.86054130975413,15.234899038063809,52.577591830277406,102.15811169940952,22.49484298626418,54.860541309754126,2.8921200345673797e-08,4.14078e-13,96,100,0.5328977967402984,5328.977967402983,2.8718237323335427,0.18556076082959466,463.90190207398666,800.0,799.0,20000,53.2231674494373,18.532880987855766,1.03076430695096
snp_4_98371204,-38.190405,5.649337678483231,6.0041722,41.435246265037485,12.388745085100044,40.419941303187755,80.46218111542056,17.516068376379057,40.435246265037485,6.28388294632594e-07,2.0488550000000002e-10,82,100,0.3768428685253734,3768.428685253734,2.03083274093405,0.18556076082959466,463.90190207398666,800.0,799.0,20000,37.63718149397167,18.532880987855766,1.0743431006254807
snp_5_76120008,-36.174322000000004,4.511080094355778,4.8774321,55.883062320493316,13.89734317638801,55.67875802427095,93.9898264195604,26.486178055567073,54.883062320493316,3.7374476303333825e-09,8.613105e-14,98,100,0.5370678506571803,5370.678506571803,2.8942964463827776,0.18556076082959466,463.90190207398666,800.0,799.0,20000,53.63965158438589,18.532880987855766,1.0231808130623536
