covar,true_effect,mean_blue,sd_blue,se_of_mean,ratio_blue_over_true,t_stat_bias,nrep
snp_1_115650225,-189.94801306243156,-194.1304,22.929279823673557,2.2929279823673556,1.0220185874552623,-1.8240376364766182,100
snp_2_63525953,-132.06804751037708,-131.19422300000002,14.009515841307632,1.4009515841307632,0.993383528212542,0.6237364090774322,100
snp_3_45813815,-111.65325919552144,-111.81477000000001,14.457226317976483,1.4457226317976484,1.001446539094714,-0.11171631468322557,100
snp_4_105627074,-103.33490311725171,-103.624601,10.270073375663591,1.027007337566359,1.0028034853085368,-0.2820796620935212,100
snp_5_47008319,-100.16170337578872,-100.181898,13.815334173886551,1.381533417388655,1.0002016202154183,-0.01461754305549613,100
