covar,mean_blue,sd_blue,mean_se,mean_chi2,sd_chi2,median_chi2,max_chi2,min_chi2,ncp_empirical,mean_pval,median_pval,n_sig_5e8,nrep,c_l,c_l_N,ratio_cl_cbar,c_bar,S_N,Wss,Wtilde,M,ncp_theoretical_cl,ncp_theoretical_cbar,ncp_ratio
snp_1_115650225,-194.1304,22.92927982367356,22.184549,77.9733885113424,19.73228786700226,77.53037146165235,143.742247057824,40.66311613206872,76.97338851134242,3.928550675977715e-12,1.3177650000000002e-18,100,100,0.7105191425770678,7105.1914257706785,1.394990728376624,0.5093361039065197,254.6680519532599,10000.0,9999.0,50000,71.04480906628102,50.92851702961291,1.0834484534898299
snp_2_63525953,-131.194223,14.00951584130763,15.211713,75.22207161342158,15.38826951028748,75.8015832870766,107.57657981102504,39.09042395942801,74.22207161342156,5.2595176198783e-12,3.136785e-18,100,100,0.7202150488354667,7202.150488354667,1.414027089993311,0.5093361039065197,254.6680519532599,10000.0,9999.0,50000,72.01430273305832,50.92851702961291,1.0306573666143373
snp_3_45813815,-111.81477000000001,14.457226317976486,12.765545999999999,78.02515333650294,19.97979653584818,75.57404327390353,139.64079649960254,39.98878211416362,77.02515333650294,5.426242107260835e-12,3.52186e-18,100,100,0.7308899990976983,7308.899990976983,1.4349856479678125,0.5093361039065197,254.6680519532599,10000.0,9999.0,50000,73.08169100977885,50.92851702961291,1.053959648062829
snp_4_105627074,-103.624601,10.270073375663587,11.460339,82.58864612236593,16.449662048317254,82.28203884399686,129.38243279044613,46.24336295960067,81.58864612236596,1.4764314123562462e-13,1.2054385e-19,100,100,0.784908821168331,7849.088211683311,1.5410429677932043,0.5093361039065197,254.6680519532599,10000.0,9999.0,50000,78.48303302862142,50.92851702961291,1.0395705029979152
snp_5_47008319,-100.181898,13.81533417388655,11.822840000000001,73.37783047987337,20.908042836196906,71.7799458272066,156.14140404421636,36.048938758669514,72.37783047987337,4.890699578255526e-11,2.548615e-17,100,100,0.7014400922964246,7014.400922964246,1.377165464840408,0.5093361039065197,254.6680519532599,10000.0,9999.0,50000,70.1369948287195,50.92851702961291,1.0319494106730147
