covar,true_effect,mean_blue,sd_blue,se_of_mean,ratio_blue_over_true,t_stat_bias,nrep
snp_1_115650225,-60.05946705638378,-59.117729499999996,20.275331219458344,2.0275331219458343,0.9843199148687136,0.4644745608298594,100
snp_2_63525953,-41.575123175633486,-41.74437700000001,12.898578766661414,1.2898578766661415,1.0040710360292022,-0.1312189718172568,100
snp_3_45813815,-35.446804366791895,-35.6849632,11.440067292266493,1.1440067292266494,1.0067187673885554,-0.20817957370679063,100
snp_4_105627074,-32.73813442087736,-31.304496700000005,11.121581721299608,1.1121581721299607,0.956208936573884,1.28905919751658,100
snp_5_47008319,-31.66495962655935,-33.164377900000005,10.536122056019376,1.0536122056019377,1.0473526033547504,-1.4231215863563607,100
