covar,mean_blue,sd_blue,mean_se,mean_chi2,sd_chi2,median_chi2,max_chi2,min_chi2,ncp_empirical,mean_pval,median_pval,n_sig_5e8,nrep,c_l,c_l_N,ratio_cl_cbar,c_bar,S_N,Wss,Wtilde,M,ncp_theoretical_cl,ncp_theoretical_cbar,ncp_ratio
snp_1_115650225,-59.117729499999996,20.275331219458344,19.559229000000002,10.262703195160503,6.784837910667557,9.21588313650821,36.46985118777854,0.09472937094105964,9.262703195160505,0.033231639457899795,0.002400095,2,100,0.46669987441314115,9333.997488262823,1.5173161850242154,0.30758247952498635,584.4067110974742,526.3157894736842,525.3157894736842,50000,9.316262893035123,6.139961456277778,0.9942509460617883
snp_2_63525953,-41.74437700000001,12.898578766661416,13.468435,10.541360043201914,5.981238356633863,9.39131883129085,26.35294887838571,0.6710826251176985,9.541360043201916,0.02561252611716,0.002182895,0,100,0.4722380805432285,9444.76161086457,1.5353217818925424,0.30758247952498635,584.4067110974742,526.3157894736842,525.3157894736842,50000,9.426816563803927,6.139961456277778,1.0121508123789955
snp_3_45813815,-35.6849632,11.440067292266493,11.28754,10.98078409464297,6.465443278822704,10.52946025572853,33.35645624041653,0.19673463870312347,9.98078409464297,0.0255513681312295,0.001175985,1,100,0.48873371326806553,9774.674265361311,1.5889517310050927,0.30758247952498635,584.4067110974742,526.3157894736842,525.3157894736842,50000,9.756102384257124,6.139961456277778,1.0230298639288988
snp_4_105627074,-31.3044967,11.121581721299606,9.8662856,11.328721517780643,7.510274502023726,10.073521798515465,44.05179808935121,0.14472527414533304,10.328721517780643,0.0357143043436658,0.00150727,1,100,0.5411202327286359,10822.404654572718,1.7592687124582405,0.30758247952498635,584.4067110974742,526.3157894736842,525.3157894736842,50000,10.801842085729028,6.139961456277778,0.9562000106839691
snp_5_47008319,-33.1643779,10.536122056019378,10.709639,10.52226108691499,6.170681694174158,9.68703553919554,29.923452881931393,0.30381679184489013,9.522261086914991,0.028358960541380998,0.00189047,1,100,0.43422223654912195,8684.444730982439,1.4117261725040748,0.30758247952498635,584.4067110974742,526.3157894736842,525.3157894736842,50000,8.667944285993572,6.139961456277778,1.0985604859391978
