covar,true_effect,mean_blue,sd_blue,se_of_mean,ratio_blue_over_true,t_stat_bias,nrep
snp_1_12709676,-37.98960261248631,-39.2153079,11.885978479875318,1.1885978479875319,1.0322642302952343,-1.0312195075811277,100
snp_2_52446065,-26.49845836453722,-26.3425185,9.41069373247505,0.941069373247505,0.9941151344583157,0.16570496179159763,100
snp_3_89229500,-22.410900605113703,-22.868130899999993,6.710623150757386,0.6710623150757387,1.0204021383585968,-0.681352960245854,100
snp_4_98371204,-20.67255515239137,-19.2945423,6.992911872197512,0.6992911872197511,0.9333409516998209,1.9705851833627261,100
snp_5_76120008,-20.02730421239531,-19.11002177,6.1046656839730655,0.6104665683973065,0.9541984067018073,1.5025924266475505,100
