covar,mean_blue,sd_blue,mean_se,mean_chi2,sd_chi2,median_chi2,max_chi2,min_chi2,ncp_empirical,mean_pval,median_pval,n_sig_5e8,nrep,c_l,c_l_N,ratio_cl_cbar,c_bar,S_N,Wss,Wtilde,M,ncp_theoretical_cl,ncp_theoretical_cbar,ncp_ratio
snp_1_12709676,-39.2153079,11.885978479875318,13.413253,9.324642202182712,5.41873246963295,8.891417382613762,35.42402564480694,0.33546356679432454,8.324642202182714,0.0273989712448193,0.002865385,1,100,0.40050361091686554,8010.072218337311,2.008705445361372,0.19938394244996618,378.82949065493574,210.52631578947367,209.52631578947367,20000,7.972024375300209,3.968737374466577,1.0442319052579698
snp_2_52446065,-26.3425185,9.410693732475051,9.4352647,8.81044145602231,5.532211987447353,8.615154337197767,27.293332392741686,0.012512475649590625,7.810441456022312,0.04969027160654,0.003339425,0,100,0.39009476106457847,7801.895221291569,1.9565003895058883,0.19938394244996618,378.82949065493574,210.52631578947367,209.52631578947367,20000,7.7648362189904345,3.968737374466577,1.0058733031509848
snp_3_89229500,-22.8681309,6.710623150757387,6.9338177,11.831145402829888,6.561377081073582,11.07354406783734,36.253528703697114,0.49446687602872297,10.831145402829888,0.01903788271183,0.0008758255,2,100,0.5221447638770459,10442.895277540918,2.618790447520988,0.19938394244996618,378.82949065493574,210.52631578947367,209.52631578947367,20000,10.393291524972598,3.968737374466577,1.0421285092220527
snp_4_98371204,-19.2945423,6.992911872197513,7.3617905,7.750144658706351,5.2120490419150105,6.367210200954247,25.24449666394344,0.4071985597515431,6.750144658706351,0.051904259328929996,0.011627,0,100,0.39609838677029907,7921.967735405981,1.986611268205296,0.19938394244996618,378.82949065493574,210.52631578947367,209.52631578947367,20000,7.884338388662802,3.968737374466577,0.8561459853641807
snp_5_76120008,-19.11002177,6.104665683973066,6.1057163,10.814453169713953,6.418110063649255,8.9337184612268,30.816785608426592,0.022983514884638356,9.814453169713953,0.029326620970456,0.0028004149999999997,1,100,0.5369860565719455,10739.721131438911,2.6932261945151272,0.19938394244996618,378.82949065493574,210.52631578947367,209.52631578947367,20000,10.688707456064577,3.968737374466577,0.9182076701093931
