covar,true_effect,mean_blue,sd_blue,se_of_mean,ratio_blue_over_true,t_stat_bias,nrep
snp_1_115650225,-34.62866773122293,-34.4497096,11.77364068451756,1.177364068451756,0.9948320815397245,0.1519989746742195,100
snp_2_63525953,-24.00340855704384,-23.400522300000002,8.876865617367297,0.8876865617367298,0.9748833064432876,0.6791656909442351,100
snp_3_45813815,-20.449001890041504,-19.3746369,6.965580543139316,0.6965580543139316,0.947461250391653,1.5423911666626144,100
snp_4_105627074,-18.86021121162624,-19.215324799999998,4.870821871384182,0.4870821871384182,1.0188287174724135,-0.7290629748955331,100
snp_5_47008319,-18.281396099217183,-17.4987777,7.411564095432676,0.7411564095432677,0.9571904467815402,1.0559422938802678,100
