covar,mean_blue,sd_blue,mean_se,mean_chi2,sd_chi2,median_chi2,max_chi2,min_chi2,ncp_empirical,mean_pval,median_pval,n_sig_5e8,nrep,c_l,c_l_N,ratio_cl_cbar,c_bar,S_N,Wss,Wtilde,M,ncp_theoretical_cl,ncp_theoretical_cbar,ncp_ratio
snp_1_115650225,-34.4497096,11.77364068451756,11.390049,10.203154109604316,5.935457141615332,10.317362494154134,27.695435180057633,0.09089104048212973,9.203154109604316,0.0375537898265,0.00133091,0,100,0.1832351133711143,9161.755668555716,1.624127113522557,0.11282067262192123,1664.1049211733382,169.49152542372883,168.49152542372883,50000,9.107701310111239,5.607751532672595,1.0104804490444925
snp_2_63525953,-23.400522300000002,8.876865617367297,8.1341692,9.425136694983445,6.393451503540612,8.221348775530203,27.071534208842913,0.18711843160796746,8.425136694983445,0.05298141898187,0.00414056,0,100,0.17102174382792745,8551.087191396373,1.5158724004513484,0.11282067262192123,1664.1049211733382,169.49152542372883,168.49152542372883,50000,8.500635776967135,5.607751532672595,0.991118419378906
snp_3_45813815,-19.3746369,6.965580543139315,6.5635598,9.807904365149753,6.345003570536907,8.074116647810886,32.20836385183127,0.04906464345099795,8.807904365149753,0.045562448290692004,0.00451034,1,100,0.19233366577997452,9616.683288998725,1.7047732592812408,0.11282067262192123,1664.1049211733382,169.49152542372883,168.49152542372883,50000,9.559944857593633,5.607751532672595,0.9213342227757181
snp_4_105627074,-19.2153248,4.870821871384183,5.5588693000000005,12.70906048899416,5.861961485582157,12.275600029454482,28.462330588210033,0.47523075023579203,11.709060488994162,0.013152142439377002,0.00045989049999999997,0,100,0.22771344527625206,11385.672263812603,2.018366315181913,0.11282067262192123,1664.1049211733382,169.49152542372883,168.49152542372883,50000,11.318496797456108,5.607751532672595,1.0345066750936251
snp_5_47008319,-17.4987777,7.411564095432677,6.8883488999999996,7.573887946138374,5.428106252426314,6.880036510266537,25.535919129036937,0.0181153466544619,6.573887946138374,0.08448377295074999,0.008717155,0,100,0.13842039677200538,6921.0198386002685,1.2269063244807323,0.11282067262192123,1664.1049211733382,169.49152542372883,168.49152542372883,50000,6.880185821552527,5.607751532672595,0.9554811623757806
