covar,true_effect,mean_blue,sd_blue,se_of_mean,ratio_blue_over_true,t_stat_bias,nrep
snp_1_8457047,-155.2921551822888,-155.58684000000002,12.762411934198873,1.2762411934198874,1.0018976156095283,-0.23090056897596334,100
snp_2_80280319,-107.90693200319171,-108.73517999999999,9.513398289047958,0.9513398289047957,1.0076755772908432,-0.8706121321145259,100
snp_3_111612297,-91.62757448465624,-92.132705,8.140502581677495,0.8140502581677496,1.0055128657304833,-0.6205151466700649,100
snp_4_72064764,-84.32740427115678,-82.77467800000001,8.107171285363236,0.8107171285363236,0.9815869315013664,1.9152503586054463,100
snp_5_40183454,-81.74785537148564,-81.16564500000001,7.424746547174034,0.7424746547174034,0.9928779737542973,0.7841484793945288,100
