covar,mean_blue,sd_blue,mean_se,mean_chi2,sd_chi2,median_chi2,max_chi2,min_chi2,ncp_empirical,mean_pval,median_pval,n_sig_5e8,nrep,c_l,c_l_N,ratio_cl_cbar,c_bar,S_N,Wss,Wtilde,M,ncp_theoretical_cl,ncp_theoretical_cbar,ncp_ratio
snp_1_8457047,-155.58684,12.76241193419887,12.433947,157.62516449367257,25.733295552297676,156.51482526405863,214.05167832094364,109.02546627801584,156.62516449367257,3.0574212045558614e-27,7.06055e-36,100,100,0.3035584305049257,15177.921525246285,1.6435565638102019,0.18469606534331645,2308.7008167914555,4000.0,3999.0,100000,151.74127044864974,92.32494566349031,1.0321856672913226
snp_2_80280319,-108.73518,9.51339828904796,9.738214399999999,125.6559867329999,22.28617027344027,123.2929908100974,201.52040095188562,80.0831644209672,124.6559867329999,4.119838358230262e-21,1.2210300000000001e-28,100,100,0.23927714539209224,11963.857269604612,1.2955183693129546,0.18469606534331645,2308.7008167914555,4000.0,3999.0,100000,119.60866305287212,92.32494566349031,1.042198646413234
snp_3_111612297,-92.132705,8.140502581677495,8.9213424,107.4709137446811,18.702486185551468,106.76518597562074,161.64271893425857,55.53638701441485,106.47091374468107,9.17764720729697e-16,5.151795e-25,100,100,0.2054089061621208,10270.44530810604,1.1121455445209563,0.18469606534331645,2308.7008167914555,4000.0,3999.0,100000,102.67877696779013,92.32494566349031,1.0369320407671054
snp_4_72064764,-82.77467800000001,8.107171285363236,7.749788,115.13807513553891,22.116532881489,115.60954787879733,186.38380539727703,52.2243973287672,114.13807513553891,4.950709071185537e-15,5.808775e-27,100,100,0.23033744653036048,11516.872326518023,1.2471161532445478,0.18469606534331645,2308.7008167914555,4000.0,3999.0,100000,115.13993108436395,92.32494566349031,0.9912987966955532
snp_5_40183454,-81.165645,7.424746547174036,7.556422700000001,116.35648869189376,20.894383704587554,116.27326047902909,165.37391960545202,61.39128502082226,115.35648869189376,4.719904284075839e-17,4.14946e-27,100,100,0.22595825409470033,11297.912704735016,1.2234058894253375,0.18469606534331645,2308.7008167914555,4000.0,3999.0,100000,112.95088226558833,92.32494566349031,1.021297809968841
