covar,true_effect,mean_blue,sd_blue,se_of_mean,ratio_blue_over_true,t_stat_bias,nrep
snp_1_115650225,-84.3296291035201,-83.61932600000002,15.151900677710238,1.5151900677710237,0.9915770635887874,0.4687881201366424,100
snp_2_63525953,-58.38038109332256,-59.538324,11.111245884093824,1.1111245884093823,1.0198344526875636,-1.0421359753500559,100
snp_3_45813815,-50.473034152014414,-52.59493799999999,9.41844033536682,0.9418440335366819,1.0420403465659474,-2.2529248712418974,100
snp_4_105627074,-46.17818699799234,-47.97912499999998,7.9467385897113205,0.7946738589711321,1.0389997554924784,-2.2662605315082636,100
snp_5_47008319,-44.74632511981179,-46.232966,9.633773156072895,0.9633773156072895,1.0332237535978117,-1.5431553723590248,100
