covar,mean_blue,sd_blue,mean_se,mean_chi2,sd_chi2,median_chi2,max_chi2,min_chi2,ncp_empirical,mean_pval,median_pval,n_sig_5e8,nrep,c_l,c_l_N,ratio_cl_cbar,c_bar,S_N,Wss,Wtilde,M,ncp_theoretical_cl,ncp_theoretical_cbar,ncp_ratio
snp_1_115650225,-83.619326,15.151900677710234,16.019146,28.118741980992105,10.436428831687339,26.73961169517866,67.61496244405912,11.101975666634232,27.11874198099211,2.5206074388684088e-05,2.33254e-07,39,100,0.5244045243802317,2622.0226219011583,1.5320517385984118,0.3422890436193623,770.1503481435652,1111.111111111111,1110.111111111111,50000,26.196628015414475,17.099049174005245,1.0351997197897016
snp_2_63525953,-59.538324,11.111245884093819,11.051324999999999,30.055716977904318,11.194002277774462,28.91151657828719,66.28511195428219,7.39803150995703,29.05571697790431,0.00012352068607842832,7.586585e-08,48,100,0.5307760974341451,2653.8804871707257,1.5506663369114062,0.3422890436193623,770.1503481435652,1111.111111111111,1110.111111111111,50000,26.514919947322717,17.099049174005245,1.0958251820344698
snp_3_45813815,-52.594938,9.41844033536682,9.4272412,32.135819317720106,11.231604995957005,31.32663686110844,71.13706514705471,8.925729428740153,31.135819317720106,4.918043268717951e-05,2.18106e-08,57,100,0.5610762735163685,2805.3813675818424,1.639188527869754,0.3422890436193623,770.1503481435652,1111.111111111111,1110.111111111111,50000,28.02856524351019,17.099049174005245,1.11086026156581
snp_4_105627074,-47.979125,7.9467385897113205,8.072579000000001,36.348958372956,12.149626002666869,34.876481286635865,75.74652970646439,9.915351372137986,35.348958372956,1.9370416420556213e-05,3.60458e-09,70,100,0.6320903633112869,3160.4518165564346,1.8466567221304169,0.3422890436193623,770.1503481435652,1111.111111111111,1110.111111111111,50000,31.57607409921534,17.099049174005245,1.1194855402823625
snp_5_47008319,-46.232966,9.633773156072895,9.0034375,27.50257318819364,10.900285739092856,25.90499362814133,60.34210972935225,1.4570813232502546,26.50257318819364,0.0025320051485166,3.5897e-07,33,100,0.46997483435864434,2349.8741717932216,1.3730349922659904,0.3422890436193623,770.1503481435652,1111.111111111111,1110.111111111111,50000,23.477592850386074,17.099049174005245,1.1288454211249268
