covar,true_effect,mean_blue,sd_blue,se_of_mean,ratio_blue_over_true,t_stat_bias,nrep
snp_1_115650225,-34.42742691696372,-33.543473989999995,18.463724261951274,1.8463724261951273,0.9743241651751742,0.4787511524884011,100
snp_2_63525953,-23.833690777977765,-25.28756657,13.641865506131259,1.3641865506131259,1.0610008666121324,-1.0657455839663559,100
snp_3_45813815,-20.605529907084065,-23.400359445000003,11.661518358922372,1.1661518358922371,1.1356349266686458,-2.3966257668132718,100
snp_4_105627074,-18.852165898650963,-21.258913355300002,9.922650659061377,0.9922650659061377,1.1276642413178246,-2.4255086058594584,100
snp_5_47008319,-18.26761073470337,-20.006605900000004,11.77967676876801,1.177967676876801,1.0951955453042923,-1.4762673029427336,100
