covar,mean_blue,sd_blue,mean_se,mean_chi2,sd_chi2,median_chi2,max_chi2,min_chi2,ncp_empirical,mean_pval,median_pval,n_sig_5e8,nrep,c_l,c_l_N,ratio_cl_cbar,c_bar,S_N,Wss,Wtilde,M,ncp_theoretical_cl,ncp_theoretical_cbar,ncp_ratio
snp_1_115650225,-33.54347399,18.463724261951278,20.34148,3.534850459405468,3.645024860958132,2.591896419515037,18.7131780898985,0.0008692035573070963,2.5348504594054684,0.20904210481399998,0.1080686,0,100,0.5645213692112169,2822.6068460560846,1.4972011570537607,0.3770511173809802,556.1503981369457,169.49152542372883,168.49152542372883,50000,2.8059534656643534,1.874132578942162,0.9033829286278997
snp_2_63525953,-25.28756657,13.64186550613126,14.008823999999999,4.204410264650399,3.9261539825419414,3.128973396893998,19.49715797481494,0.0011858357676854032,3.2044102646503987,0.174266765546,0.07695645,0,100,0.572789867461144,2863.9493373057203,1.5191305397522146,0.3770511173809802,556.1503981369457,169.49152542372883,168.49152542372883,50000,2.847052036215617,1.874132578942162,1.125518685253745
snp_3_45813815,-23.400359445,11.661518358922372,12.026912,4.718541979946071,4.015134546561518,3.5528747190709193,21.471101977252005,2.619700650625931e-05,3.718541979946071,0.1536428692159,0.0594429,0,100,0.5992644650624186,2996.322325312093,1.589345416146611,0.3770511173809802,556.1503981369457,169.49152542372883,168.49152542372883,50000,2.978644023592752,1.874132578942162,1.2484009336103468
snp_4_105627074,-21.258913355300002,9.922650659061379,10.377867799999999,5.122993957323084,4.387048135670533,4.051464793375537,19.96528942725754,1.3993377133402398e-07,4.122993957323084,0.1246492905329,0.044174950000000004,0,100,0.6663191950094206,3331.595975047103,1.7671853080232567,0.3770511173809802,556.1503981369457,169.49152542372883,168.49152542372883,50000,3.3119395587943252,1.874132578942162,1.244888043435193
snp_5_47008319,-20.0066059,11.779676768768011,11.108884,4.3564828215624525,3.9406890024972774,2.8533748663503413,18.212871660830352,0.06481633279852686,3.3564828215624525,0.157112496938,0.09118645,0,100,0.5315302974551094,2657.651487275547,1.4097035466892418,0.3770511173809802,556.1503981369457,169.49152542372883,168.49152542372883,50000,2.641971343500621,1.874132578942162,1.270446339177586
