covar,true_effect,mean_blue,sd_blue,se_of_mean,ratio_blue_over_true,t_stat_bias,nrep
snp_1_8457047,-38.038654125371,-38.246677,10.798906901910597,1.0798906901910597,1.0054687233134847,-0.19263326975454365,100
snp_2_80280319,-26.431692311702,-26.730025500000007,8.509825408267712,0.8509825408267713,1.0112869499531034,-0.3505749812542108,100
snp_3_111612297,-22.44408038562671,-22.621698900000002,7.433802708826034,0.7433802708826034,1.0079138245506838,-0.2389335866586956,100
snp_4_72064764,-20.65591117977289,-19.517031369999998,6.934572003345181,0.6934572003345181,0.9448642182927215,1.6423217023682288,100
snp_5_40183454,-20.02405332269768,-19.35723514,6.248207352663185,0.6248207352663184,0.9666991406808817,1.067215194792566,100
