covar,mean_blue,sd_blue,mean_se,mean_chi2,sd_chi2,median_chi2,max_chi2,min_chi2,ncp_empirical,mean_pval,median_pval,n_sig_5e8,nrep,c_l,c_l_N,ratio_cl_cbar,c_bar,S_N,Wss,Wtilde,M,ncp_theoretical_cl,ncp_theoretical_cbar,ncp_ratio
snp_1_8457047,-38.246677,10.7989069019106,11.159815000000002,12.669342995199894,6.67396176957953,11.885388379738103,31.60420878928408,1.629863837413664,11.669342995199898,0.011739463752093999,0.000565906,1,100,0.23241326117334263,11620.66305866713,1.653797600018925,0.14053307440443924,3478.1935915098716,202.02020202020202,201.02020202020202,100000,11.563140776526728,6.9918717843068645,1.0091845477561565
snp_2_80280319,-26.7300255,8.509825408267712,8.721708,10.335836131985502,6.410339935967633,9.353787190400602,34.3945957670511,0.35755943922010636,9.335836131985502,0.023659966781077603,0.002226165,1,100,0.1839368201563341,9196.841007816705,1.3088507522932538,0.14053307440443924,3478.1935915098716,202.02020202020202,201.02020202020202,100000,9.151316644828013,6.9918717843068645,1.0201631627796175
snp_3_111612297,-22.621698900000002,7.433802708826034,8.0926954,8.640525460431542,5.136168392074486,7.686671356760039,28.30269435643822,0.08809114113208406,7.640525460431542,0.037319494892399996,0.005565115000000001,0,100,0.1537012454697177,7685.062273485884,1.0937015796536398,0.14053307440443924,3478.1935915098716,202.02020202020202,201.02020202020202,100000,7.6470212152321295,6.9918717843068645,0.9991505509638644
snp_4_72064764,-19.517031369999998,6.934572003345182,6.9907266,8.74585752236045,5.785711573030051,7.728079058072081,30.929626740653653,0.004652336227994894,7.745857522360451,0.041719430065916,0.00544021,1,100,0.17449578558086068,8724.789279043034,1.2416705912138546,0.14053307440443924,3478.1935915098716,202.02020202020202,201.02020202020202,100000,8.68160157211177,6.9918717843068645,0.892215273647521
snp_5_40183454,-19.35723514,6.248207352663185,6.4566172,9.911420471737546,5.640084895877215,9.244316188952732,26.071377693952044,0.009233753315414872,8.911420471737546,0.03681364993046,0.0023631950000000002,0,100,0.19162723253418998,9581.361626709499,1.3635739013487116,0.14053307440443924,3478.1935915098716,202.02020202020202,201.02020202020202,100000,9.533933886657287,6.9918717843068645,0.9347055032769898
