covar,true_effect,mean_blue,sd_blue,se_of_mean,ratio_blue_over_true,t_stat_bias,nrep
snp_1_115650225,-34.67534947238864,-34.291888400000005,14.883305449849594,1.4883305449849593,0.9889413927120193,0.2576451001968178,100
snp_2_63525953,-24.00340855704384,-24.1026696,9.37448610715296,0.937448610715296,1.0041352894827527,-0.10588424989015605,100
snp_3_45813815,-20.465222043079304,-20.3125351,8.34973926969192,0.834973926969192,0.9925391992934209,0.18286432443888326,100
snp_4_105627074,-18.901370720659692,-17.64138568,7.724307222429252,0.7724307222429252,0.9333389594182978,1.631194881789586,100
snp_5_47008319,-18.281772964272676,-19.056479,8.107184360369088,0.8107184360369087,1.0423758700669405,-0.955579645523263,100
