covar,mean_blue,sd_blue,mean_se,mean_chi2,sd_chi2,median_chi2,max_chi2,min_chi2,ncp_empirical,mean_pval,median_pval,n_sig_5e8,nrep,c_l,c_l_N,ratio_cl_cbar,c_bar,S_N,Wss,Wtilde,M,ncp_theoretical_cl,ncp_theoretical_cbar,ncp_ratio
snp_1_115650225,-34.291888400000005,14.883305449849594,13.936712,7.225514160096132,5.498223636766267,6.728341470175373,27.223744449385904,0.07812638684706436,6.225514160096132,0.08576237296166,0.009489870000000001,0,100,0.3063492754514596,6126.985509029192,1.5967554692299195,0.19185735158258466,1131.9583743372496,169.49152542372883,168.49152542372883,50000,6.0908362945259205,3.814507864164949,1.0221115556317368
snp_2_63525953,-24.1026696,9.374486107152961,9.7630848,7.0228783186248895,4.737784018258922,5.764613506136622,18.990263979052965,0.07283462847684856,6.02287831862489,0.077168625469,0.016356299999999997,0,100,0.2992440234662281,5984.880469324562,1.559721433647639,0.19185735158258466,1131.9583743372496,169.49152542372883,168.49152542372883,50000,5.949569674555548,3.814507864164949,1.0123216716635592
snp_3_45813815,-20.3125351,8.349739269691918,8.0707203,7.378653950169405,5.418386143314094,6.130319840204697,28.962223596168688,0.0005744536803986585,6.378653950169406,0.081315185719631,0.01331075,0,100,0.31848161988247037,6369.632397649408,1.6599917451971107,0.19185735158258466,1131.9583743372496,169.49152542372883,168.49152542372883,50000,6.332051566503277,3.814507864164949,1.0073597606047078
snp_4_105627074,-17.64138568,7.72430722242925,6.928995700000001,7.716864027965094,6.021209677998219,6.892180853738029,34.99677926425101,0.016033850774307273,6.716864027965094,0.0866986854143551,0.008688445,1,100,0.3654141046627324,7308.282093254647,1.9046135144080758,0.19185735158258466,1131.9583743372496,169.49152542372883,168.49152542372883,50000,7.265163228904446,3.814507864164949,0.9245303672245183
snp_5_47008319,-19.056479,8.107184360369084,8.122876999999999,6.4846812432911385,4.843414353613432,5.249864446058423,23.80903652364985,0.024068178987809913,5.4846812432911385,0.09921089081710001,0.0219509,0,100,0.25136207858099324,5027.241571619865,1.3101508829740875,0.19185735158258466,1131.9583743372496,169.49152542372883,168.49152542372883,50000,4.997580846347308,3.814507864164949,1.0974672370332634
