covar,true_effect,mean_blue,sd_blue,se_of_mean,ratio_blue_over_true,t_stat_bias,nrep
snp_1_115650225,-60.06683583006988,-64.63206600000001,25.2251500468782,2.5225150046878198,1.0760025079870237,-1.8097930682061942,100
snp_2_63525953,-41.76358362641216,-40.9802083,15.524447131440757,1.5524447131440757,0.9812426219593682,0.5046075520625988,100
snp_3_45813815,-35.30786072389871,-35.32660645,15.81992449292193,1.5819924492921928,1.0005309221719174,-0.011849440943712332,100
snp_4_105627074,-32.67736556433489,-33.043482,11.233116542378008,1.1233116542378008,1.0112039764938914,-0.325925965678266,100
snp_5_47008319,-31.67391169896684,-31.64464672,15.549755967919106,1.5549755967919106,0.9990760541594932,0.01882021751802182,100
