covar,mean_blue,sd_blue,mean_se,mean_chi2,sd_chi2,median_chi2,max_chi2,min_chi2,ncp_empirical,mean_pval,median_pval,n_sig_5e8,nrep,c_l,c_l_N,ratio_cl_cbar,c_bar,S_N,Wss,Wtilde,M,ncp_theoretical_cl,ncp_theoretical_cbar,ncp_ratio
snp_1_115650225,-64.63206600000001,25.2251500468782,24.653741,7.997126898240295,5.948194453004169,6.797115829931673,32.399686267589786,0.14827744973696927,6.997126898240298,0.06641910480225299,0.009142605000000002,1,100,0.5972235911860034,5972.235911860034,1.4523356985694766,0.41121594117273125,390.6551441140947,526.3157894736842,525.3157894736842,50000,5.9608886636275,4.10434630884503,1.1738395553226446
snp_2_63525953,-40.9802083,15.524447131440759,16.788468,6.7866725646644355,4.347386788962883,6.1633941704418564,19.66228175547146,0.03839168201111705,5.786672564664434,0.0802605324874,0.01304695,0,100,0.6145175796014078,6145.1757960140785,1.4943914329996262,0.41121594117273125,390.6551441140947,526.3157894736842,525.3157894736842,50000,6.13349996200165,4.10434630884503,0.9434535910188494
snp_3_45813815,-35.32660645,15.81992449292193,14.066018999999999,7.541849756958819,5.985622671193553,6.256977070821247,30.846770606864705,0.00033214288465701307,6.541849756958819,0.093608312086642,0.0123862,1,100,0.6258017542224354,6258.017542224355,1.5218324280856792,0.41121594117273125,390.6551441140947,526.3157894736842,525.3157894736842,50000,6.246127308894128,4.10434630884503,1.0473449280554368
snp_4_105627074,-33.043482,11.23311654237801,12.491261,7.786579860902374,4.937892266996443,6.826022573356503,25.57040435059951,0.00978694723986537,6.786579860902373,0.048928792867019996,0.00899339,0,100,0.687678164269827,6876.78164269827,1.6723042455714716,0.41121594117273125,390.6551441140947,526.3157894736842,525.3157894736842,50000,6.863715757577142,4.10434630884503,0.9887617874342166
snp_5_47008319,-31.64464672,15.549755967919106,13.199885,7.152503606613816,6.35409735632559,5.73856969833716,38.27098378502207,7.265944582525578e-05,6.152503606613815,0.11582642523235764,0.0165962,1,100,0.5840936170767328,5840.936170767328,1.4204060655114152,0.41121594117273125,390.6551441140947,526.3157894736842,525.3157894736842,50000,5.82983839204287,4.10434630884503,1.055347197104357
