covar,true_effect,mean_blue,sd_blue,se_of_mean,ratio_blue_over_true,t_stat_bias,nrep
snp_1_8457047,-119.26010518809102,-119.677794,14.440772451189524,1.4440772451189523,1.0035023347602303,-0.2892427072864665,100
snp_2_80280319,-82.92762336452054,-82.386836,11.395243314270134,1.1395243314270134,0.9934788030504211,0.4745728981875429,100
snp_3_111612297,-71.14618059215728,-69.92928699999999,10.672171905575382,1.0672171905575383,0.9828958690118155,1.140249241601476,100
snp_4_72064764,-65.39718028002764,-65.974448,8.86305647829634,0.886305647829634,1.0088271041274337,-0.6513190132387797,100
snp_5_40183454,-63.31732481166439,-63.258311000000006,8.991560873597818,0.8991560873597818,0.9990679673874422,0.06563244412621357,100
