covar,mean_blue,sd_blue,mean_se,mean_chi2,sd_chi2,median_chi2,max_chi2,min_chi2,ncp_empirical,mean_pval,median_pval,n_sig_5e8,nrep,c_l,c_l_N,ratio_cl_cbar,c_bar,S_N,Wss,Wtilde,M,ncp_theoretical_cl,ncp_theoretical_cbar,ncp_ratio
snp_1_8457047,-119.67779399999999,14.440772451189519,15.577750000000002,59.89264111887125,14.325224186556497,59.7847470802626,101.00646752620382,26.34674091665106,58.89264111887125,2.994612853887103e-09,1.0761665e-14,99,100,0.5590409677331398,5590.409677331399,1.5833634010283044,0.3530718010597406,1588.8231047688328,2222.222222222222,2221.222222222222,100000,55.87893992976599,35.29129187492637,1.053932683635251
snp_2_80280319,-82.386836,11.395243314270129,12.008093,47.966739676875505,13.340779813553597,45.74088935512678,83.43708248927284,22.708326346092363,46.96673967687551,3.5364430616548985e-08,1.3507349999999999e-11,96,100,0.4530883517957945,4530.883517957945,1.2832753860145598,0.3530718010597406,1588.8231047688328,2222.222222222222,2221.222222222222,100000,45.288446203748634,35.29129187492637,1.0370578726763198
snp_3_111612297,-69.92928699999999,10.672171905575382,10.982357,41.539700273580365,12.882023514170962,39.783469230008386,91.87912025067165,19.96143732994546,40.539700273580365,3.495861984952874e-07,2.839135e-10,83,100,0.3985810392909717,3985.8103929097174,1.1288951371778648,0.3530718010597406,1588.8231047688328,2222.222222222222,2221.222222222222,100000,39.840167782329075,35.29129187492637,1.0175584725213322
snp_4_72064764,-65.974448,8.863056478296341,9.6953256,47.13395972950106,12.086749758283128,46.21764761264983,71.56563398079048,16.826862949331645,46.13395972950106,5.16345157112816e-07,1.05972e-11,94,100,0.4360322524999919,4360.322524999919,1.2349676501811997,0.3530718010597406,1588.8231047688328,2222.222222222222,2221.222222222222,100000,43.58360379863668,35.29129187492637,1.0585164077446976
snp_5_40183454,-63.258311000000006,8.991560873597821,9.6957171,43.38631873794183,12.285510226576108,42.19808829231715,93.51614858731733,20.4428173240048,42.38631873794183,1.3102197504229663e-07,8.283455e-11,87,100,0.40683724716636105,4068.3724716636107,1.1522790716937579,0.3530718010597406,1588.8231047688328,2222.222222222222,2221.222222222222,100000,40.665417040513624,35.29129187492637,1.0423185552410228
