covar,true_effect,mean_blue,sd_blue,se_of_mean,ratio_blue_over_true,t_stat_bias,nrep
snp_1_12709676,-17.020834013583094,-14.768057999999998,7.425009449646199,0.7425009449646198,0.8676459677718895,3.0340379077772637,100
snp_2_52446065,-11.80714735013436,-13.146741100000002,4.456356735116248,0.4456356735116248,1.1134561727859185,-3.006028981723111,100
snp_3_89229500,-10.024732452489625,-9.250327930000001,3.2120023148401673,0.3212002314840167,0.922750604451563,2.4109712465389643,100
snp_4_98371204,-9.24454816540542,-9.8597504755,3.6450663042385725,0.3645066304238572,1.066547580161545,-1.6877671316409495,100
snp_5_76120008,-8.957929907425376,-8.369129899999999,2.6135032932203712,0.2613503293220371,0.9342705275091168,2.2529147330817194,100
