covar,mean_blue,sd_blue,mean_se,mean_chi2,sd_chi2,median_chi2,max_chi2,min_chi2,ncp_empirical,mean_pval,median_pval,n_sig_5e8,nrep,c_l,c_l_N,ratio_cl_cbar,c_bar,S_N,Wss,Wtilde,M,ncp_theoretical_cl,ncp_theoretical_cbar,ncp_ratio
snp_1_12709676,-14.768058000000002,7.425009449646199,7.100466,5.432732776567119,4.9194407770188775,4.10327284372119,27.496095018642887,0.0422209170670985,4.432732776567119,0.12627605358874,0.04280025,0,100,0.11256647074006072,5628.323537003036,2.1782106356585906,0.05167841387663861,1279.0407434468054,40.4040404040404,39.4040404040404,20000,5.48902252946221,2.51996865665959,0.8075632323923834
snp_2_52446065,-13.1467411,4.456356735116248,5.0826609000000005,7.478191360637594,4.871583577539498,6.428692370331368,25.02858721727212,0.08741557321047318,6.478191360637596,0.04836771144949,0.011255,0,100,0.1057204910484263,5286.024552421315,2.0457379226226133,0.05167841387663861,1279.0407434468054,40.4040404040404,39.4040404040404,20000,5.155195444748887,2.51996865665959,1.256633512748061
snp_3_89229500,-9.25032793,3.2120023148401673,3.1054437999999998,9.967150985709328,6.04860119754371,9.091649372434851,31.373731769285016,0.07854183991845055,8.96715098570933,0.045666224020788994,0.002567765,1,100,0.20600555527605685,10300.277763802842,3.9862979496199733,0.05167841387663861,1279.0407434468054,40.4040404040404,39.4040404040404,20000,10.04534588914872,2.51996865665959,0.8926672196918487
snp_4_98371204,-9.8597504755,3.645066304238573,3.5310137,8.837435155310647,5.774793758582625,7.612678297585527,23.84522062026663,1.5624911374042662e-06,7.837435155310647,0.0510381947651,0.0057966300000000005,0,100,0.13493461857016634,6746.7309285083165,2.6110441178064865,0.05167841387663861,1279.0407434468054,40.4040404040404,39.4040404040404,20000,6.579749338027735,2.51996865665959,1.191144943776825
snp_5_76120008,-8.3691299,2.613503293220371,2.8422766,9.502342980074921,5.7910194883821635,8.635616549414229,31.560279057886653,0.7924672866600548,8.502342980074921,0.025710391226623,0.00329731,1,100,0.19459770493056544,9729.885246528273,3.765551036358992,0.05167841387663861,1279.0407434468054,40.4040404040404,39.4040404040404,20000,9.489070586676696,2.51996865665959,0.8960143042894835
