covar,true_effect,mean_blue,sd_blue,se_of_mean,ratio_blue_over_true,t_stat_bias,nrep
snp_1_8457047,-49.107691313235314,-49.43484399999999,13.298650758677617,1.3298650758677617,1.006661943944339,-0.24600442007337006,100
snp_2_80280319,-34.12316804510015,-34.737237,9.985438870368679,0.9985438870368679,1.0179956607220129,-0.6149644125528325,100
snp_3_111612297,-28.97518318482426,-29.331886299999997,8.585712396134209,0.8585712396134209,1.0123106422796513,-0.4154612904764264,100
snp_4_72064764,-26.666666666666664,-25.0661167,8.461305719400984,0.8461305719400984,0.93997937625,1.891611081959554,100
snp_5_40183454,-25.85094168079247,-25.1000117,7.733109478007706,0.7733109478007706,0.9709515424983369,0.9710582566146909,100
