covar,mean_blue,sd_blue,mean_se,mean_chi2,sd_chi2,median_chi2,max_chi2,min_chi2,ncp_empirical,mean_pval,median_pval,n_sig_5e8,nrep,c_l,c_l_N,ratio_cl_cbar,c_bar,S_N,Wss,Wtilde,M,ncp_theoretical_cl,ncp_theoretical_cbar,ncp_ratio
snp_1_8457047,-49.434844000000005,13.298650758677615,13.051133,15.365711559918896,7.895329552709528,13.992689679429978,35.14460429005412,2.9504933166578717,14.365711559918898,0.0051318121515643,0.0001836625,5,100,0.2829779351940899,14148.896759704496,1.6496268359621982,0.17154057452577381,2530.2234742551636,338.98305084745766,337.98305084745766,100000,14.107157514263369,8.55172649154614,1.0183278626749657
snp_2_80280319,-34.737237,9.985438870368679,10.224478,12.488434196535055,7.027842598209261,11.193671269781884,40.39837963155272,1.1159677754964563,11.488434196535055,0.01241495621101554,0.0008230695,2,100,0.22287151715170025,11143.575857585012,1.2992349930494957,0.17154057452577381,2530.2234742551636,338.98305084745766,337.98305084745766,100000,11.110702308805138,8.55172649154614,1.033997120724814
snp_3_111612297,-29.3318863,8.585712396134209,9.3896579,10.577157337699498,5.748769931479381,9.536499359876528,31.32345327733096,0.013429663896116372,9.577157337699498,0.023113987369091,0.002014245,1,100,0.1900390362063084,9501.95181031542,1.1078372375263044,0.17154057452577381,2530.2234742551636,338.98305084745766,337.98305084745766,100000,9.47392105247499,8.55172649154614,1.0108968910182694
snp_4_72064764,-25.0661167,8.461305719400983,8.1429831,10.522818380702494,6.5639579478220496,9.687543374240896,36.785928918354784,0.03565546882418455,9.522818380702496,0.029564218705804102,0.0018552949999999999,1,100,0.2140958101300042,10704.79050650021,1.2480767930378855,0.17154057452577381,2530.2234742551636,338.98305084745766,337.98305084745766,100000,10.673211374506035,8.55172649154614,0.8922167889833644
snp_5_40183454,-25.1000117,7.733109478007705,7.8786298,11.10395223403786,6.049537381703583,10.354150610082996,27.065449602885266,0.05717129624458482,10.103952234037859,0.02805786167466,0.00129216,0,100,0.21444725523052205,10722.362761526103,1.2501255508987557,0.17154057452577381,2530.2234742551636,338.98305084745766,337.98305084745766,100000,10.690731791379603,8.55172649154614,0.9451132468017868
