covar,true_effect,mean_blue,sd_blue,se_of_mean,ratio_blue_over_true,t_stat_bias,nrep
snp_1_12709676,-69.4872638831447,-66.89399900000001,7.885368659284566,0.7885368659284566,0.96267999719336,3.2887046822995125,100
snp_2_52446065,-48.20247720947283,-49.369994999999996,4.831655689418056,0.48316556894180557,1.0242211159699013,-2.4163927762571684,100
snp_3_89229500,-40.92579886086497,-40.401758,2.998235249399792,0.2998235249399792,0.9871953419248688,1.7478310315038748,100
snp_4_98371204,-37.74070984637604,-37.685767999999996,3.844120615963652,0.3844120615963652,0.9985442285903025,0.14292435608780477,100
snp_5_76120008,-36.570595708015205,-35.699357,3.0242751046385257,0.3024275104638526,0.9761765240311835,2.880818304786263,100
