covar,mean_blue,sd_blue,mean_se,mean_chi2,sd_chi2,median_chi2,max_chi2,min_chi2,ncp_empirical,mean_pval,median_pval,n_sig_5e8,nrep,c_l,c_l_N,ratio_cl_cbar,c_bar,S_N,Wss,Wtilde,M,ncp_theoretical_cl,ncp_theoretical_cbar,ncp_ratio
snp_1_12709676,-66.89399900000001,7.885368659284568,7.803835799999999,74.55191579295487,17.653070301630066,72.94230258016286,128.27510746245702,29.78105130167959,73.55191579295489,4.842924106891661e-10,1.345355e-17,100,100,0.1523771320003148,7618.85660001574,2.1221546852695425,0.07180302786503089,897.5378483128861,800.0,799.0,20000,76.0933302926572,35.8566370400998,0.9666013500798565
snp_2_52446065,-49.369994999999996,4.831655689418055,5.494832199999999,81.67115949295639,16.783107229273053,78.95879626054442,140.01640265915648,46.94189055881575,80.67115949295639,1.0731098970632925e-13,6.3579e-19,100,100,0.14820684566680978,7410.342283340489,2.0640751521704095,0.07180302786503089,897.5378483128861,800.0,799.0,20000,74.01079355486314,35.8566370400998,1.0899918190061835
snp_3_89229500,-40.401758,2.9982352493997917,3.5427344,130.88729046155487,20.052933512910837,128.01405619874214,188.5622269373622,84.85042283779134,129.88729046155487,3.479103046678128e-22,1.1816400000000001e-29,100,100,0.25766312307377687,12883.156153688844,3.588471555240117,0.07180302786503089,897.5378483128861,800.0,799.0,20000,128.67052208496733,35.8566370400998,1.0094564656836011
snp_4_98371204,-37.685767999999996,3.84412061596365,4.0508289,87.53226606565842,17.91355600575143,85.56472790899812,135.54204987322396,41.88971337036553,86.5322660656584,9.69559479451034e-13,2.26725e-20,100,100,0.16687421199327476,8343.710599663738,2.3240553630544727,0.07180302786503089,897.5378483128861,800.0,799.0,20000,83.33280961414158,35.8566370400998,1.03839371870853
snp_5_76120008,-35.699357,3.0242751046385252,3.2018045,125.27363434646657,21.56466441894323,123.66883031932369,188.23730852597313,85.96184491089697,124.27363434646657,3.1577588124609512e-22,1.010747e-28,100,100,0.24965306243973362,12482.653121986681,3.476915526584893,0.07180302786503089,897.5378483128861,800.0,799.0,20000,124.67049805584199,35.8566370400998,0.9968166990942985
