covar,true_effect,mean_blue,sd_blue,se_of_mean,ratio_blue_over_true,t_stat_bias,nrep
snp_1_8457047,-49.21994046152744,-51.433820100000005,18.3053969887615,1.8305396988761502,1.0449793237804306,-1.2094136171052512,100
snp_2_80280319,-34.03020293414352,-32.817226299999994,13.045664846303158,1.3045664846303158,0.9643558800842029,0.9297928840225055,100
snp_3_111612297,-28.932348272371694,-30.07955607,11.385245439468125,1.1385245439468126,1.0396513890551984,-1.007626760202631,100
snp_4_72064764,-26.62876235654467,-24.830990300000003,10.546067204846473,1.0546067204846472,0.9324875849476789,1.7046848096307363,100
snp_5_40183454,-25.86403206161841,-26.8440687,9.551149339372476,0.9551149339372476,1.0378918737823535,-1.0260928853259677,100
