covar,mean_blue,sd_blue,mean_se,mean_chi2,sd_chi2,median_chi2,max_chi2,min_chi2,ncp_empirical,mean_pval,median_pval,n_sig_5e8,nrep,c_l,c_l_N,ratio_cl_cbar,c_bar,S_N,Wss,Wtilde,M,ncp_theoretical_cl,ncp_theoretical_cbar,ncp_ratio
snp_1_8457047,-51.433820100000005,18.3053969887615,16.311067,11.209184221558138,6.941421656651985,10.417443840536933,29.224138166249418,0.2382144457248288,10.209184221558134,0.037242075293289004,0.001265895,0,100,0.4537468918731731,9074.937837463462,1.600442490044537,0.28351340001010983,1672.729060059648,338.98305084745766,337.98305084745766,100000,9.048166770842943,5.653540709601601,1.128315213470256
snp_2_80280319,-32.8172263,13.04566484630316,12.70553,7.705391638004208,5.639047809843633,6.4478099679639165,27.25080363091034,0.21526627925142708,6.70539163800421,0.06594529478125,0.011183145,0,100,0.36187942437544396,7237.58848750888,1.2764103014620813,0.28351340001010983,1672.729060059648,338.98305084745766,337.98305084745766,100000,7.216237601470729,5.653540709601601,0.9292088215939004
snp_3_111612297,-30.07955607,11.385245439468125,11.431541,7.943074802958347,5.393293687260237,7.144313021902056,25.673867975225054,0.0055295574855769,6.943074802958346,0.06351634137135,0.00752152,0,100,0.32132008636384474,6426.401727276895,1.1333506153585218,0.28351340001010983,1672.729060059648,338.98305084745766,337.98305084745766,100000,6.407443842181428,5.653540709601601,1.0835951081226427
snp_4_72064764,-24.8309903,10.546067204846473,10.0560229,7.168746479676099,5.533862148855809,6.3796208775782866,28.961408783635086,0.03756823088008337,6.168746479676099,0.083431662295375,0.011567000000000001,0,100,0.35400530680611947,7080.106136122389,1.2486369490595364,0.28351340001010983,1672.729060059648,338.98305084745766,337.98305084745766,100000,7.059219823020827,5.653540709601601,0.8738566915793152
snp_5_40183454,-26.844068699999998,9.551149339372477,10.1039833,7.945801737634662,4.988488939709582,7.067767607318115,24.029436042974066,0.10856661863297376,6.94580173763466,0.05870709913515,0.00784851,0,100,0.32662926581070584,6532.585316214117,1.1520769945937601,0.28351340001010983,1672.729060059648,338.98305084745766,337.98305084745766,100000,6.513314189531286,5.653540709601601,1.0664005351988857
