covar,true_effect,mean_blue,sd_blue,se_of_mean,ratio_blue_over_true,t_stat_bias,nrep
snp_1_115650225,-84.93691286003805,-84.47735899999999,12.099327558667813,1.2099327558667814,0.9945894682940111,0.3798176864042643,100
snp_2_63525953,-58.79610305231285,-58.726891,7.816264366737237,0.7816264366737238,0.9988228462649766,0.08854876071923447,100
snp_3_45813815,-50.129351478302944,-49.886542,6.826016590943385,0.6826016590943385,0.9951563411226647,0.355711819723819,100
snp_4_105627074,-46.29871370479821,-45.168268000000005,6.085346182874916,0.6085346182874916,0.9755836477011877,1.8576522531773962,100
snp_5_47008319,-44.781015355876725,-45.36284,6.8216360789132775,0.6821636078913278,1.0129926630626727,-0.8529107055736704,100
