covar,mean_blue,sd_blue,mean_se,mean_chi2,sd_chi2,median_chi2,max_chi2,min_chi2,ncp_empirical,mean_pval,median_pval,n_sig_5e8,nrep,c_l,c_l_N,ratio_cl_cbar,c_bar,S_N,Wss,Wtilde,M,ncp_theoretical_cl,ncp_theoretical_cbar,ncp_ratio
snp_1_115650225,-84.47735899999999,12.09932755866781,11.307915000000001,57.06007431936964,16.283136870222776,57.66139628855306,103.30046332691639,18.671201776437943,56.06007431936966,1.5911781400973108e-07,3.221135e-14,97,100,0.2691373649433704,5382.747298867409,1.629531407280851,0.16516242874537268,1486.4618587083542,1111.111111111111,1110.111111111111,50000,53.77902826298428,33.002756511900365,1.0424151594043474
snp_2_63525953,-58.726890999999995,7.8162643667372365,8.0974242,53.575510352937144,14.146679922525514,52.28999865556191,88.2488955915626,26.34291502076299,52.57551035293715,7.44970511577288e-09,4.79831e-13,98,100,0.252893692063285,5057.873841265699,1.5311817220438535,0.16516242874537268,1486.4618587083542,1111.111111111111,1110.111111111111,50000,50.5332175480856,33.002756511900365,1.040414857868652
snp_3_45813815,-49.886542,6.826016590943386,6.5699524,58.7109374097091,15.852514414481615,57.37010672317996,108.51423678783853,25.649062131116896,57.7109374097091,5.832741059289391e-09,3.610655e-14,98,100,0.2780183481445016,5560.3669628900325,1.6833026146225814,0.16516242874537268,1486.4618587083542,1111.111111111111,1110.111111111111,50000,55.553626326234316,33.002756511900365,1.0388329480204612
snp_4_105627074,-45.168268,6.085346182874917,5.5778411000000006,66.7885888276784,17.918091923494107,66.83043476217902,127.61779903233267,31.274415830111316,65.78858882767841,5.956562632501655e-10,2.95896e-16,100,100,0.32545686424586995,6509.137284917399,1.9705260253082117,0.16516242874537268,1486.4618587083542,1111.111111111111,1110.111111111111,50000,65.03279061360973,33.002756511900365,1.0116218019700127
snp_5_47008319,-45.36284,6.821636078913277,6.8360469,45.038587500526994,13.33185428973328,44.53722981325748,82.86427385990996,17.634946333761363,44.038587500526994,4.902647331856015e-07,2.50492e-11,89,100,0.20677789686203515,4135.557937240703,1.2519669178564825,0.16516242874537268,1486.4618587083542,1111.111111111111,1110.111111111111,50000,41.31835935097186,33.002756511900365,1.0658358219514141
