covar,true_effect,mean_blue,sd_blue,se_of_mean,ratio_blue_over_true,t_stat_bias,nrep
snp_1_115650225,-84.94733387972298,-86.634823,13.209481671980734,1.3209481671980734,1.0198651216372057,-1.2774832216592085,100
snp_2_63525953,-59.062626377775,-58.70620600000002,8.74251147781698,0.8742511477816979,0.9939653821776355,0.40768648537590796,100
snp_3_45813815,-49.93285549411789,-49.236468999999985,8.303253132596813,0.8303253132596813,0.986053541556422,0.8386911527290872,100
snp_4_105627074,-46.21277356370594,-46.32058199999999,6.19389216962692,0.619389216962692,1.0023328709354662,-0.17405604318188156,100
snp_5_47008319,-44.79367549808675,-44.89161300000001,9.049012102525195,0.9049012102525195,1.0021864136136236,-0.10823004854411386,100
