covar,mean_blue,sd_blue,mean_se,mean_chi2,sd_chi2,median_chi2,max_chi2,min_chi2,ncp_empirical,mean_pval,median_pval,n_sig_5e8,nrep,c_l,c_l_N,ratio_cl_cbar,c_bar,S_N,Wss,Wtilde,M,ncp_theoretical_cl,ncp_theoretical_cbar,ncp_ratio
snp_1_115650225,-86.634823,13.209481671980733,13.579155,41.76873493354864,13.027991315067515,40.99358327184902,83.8773594594611,17.984443964744397,40.76873493354864,8.171121283208359e-07,1.528015e-10,81,100,0.37792103482070777,3779.2103482070775,1.5570423242049263,0.24271725241231698,1092.2276358554263,1111.111111111111,1110.111111111111,50000,37.758090588936916,24.24988068851459,1.0797350792281282
snp_2_63525953,-58.706206,8.742511477816981,9.3414989,40.405240835553265,12.050550625890418,39.1749141352653,83.41398809813234,15.185464641431473,39.40524083555326,1.8194590582039795e-06,3.905905e-10,82,100,0.38439925641955974,3843.9925641955974,1.5837327285106204,0.24271725241231698,1092.2276358554263,1111.111111111111,1110.111111111111,50000,38.40532970887821,24.24988068851459,1.026035738639783
snp_3_45813815,-49.236469,8.303253132596815,7.7051807,41.94408461040146,13.517834789640641,41.654707836775586,89.62428278816775,8.40365071292502,40.944084610401454,3.94646144093981e-05,1.08915e-10,82,100,0.4021838448603488,4021.838448603488,1.657005593393655,0.24271725241231698,1092.2276358554263,1111.111111111111,1110.111111111111,50000,40.18218793999744,24.24988068851459,1.018961054871918
snp_4_105627074,-46.320582,6.193892169626918,6.6434632,49.45861788908347,13.147404165069974,47.68410153179737,102.3370750987939,20.32367684911172,48.45861788908347,9.187021137488967e-08,5.0074500000000004e-12,95,100,0.4669103669753461,4669.103669753461,1.9236801765627278,0.24271725241231698,1092.2276358554263,1111.111111111111,1110.111111111111,50000,46.64901476450683,24.24988068851459,1.0387918830378704
snp_5_47008319,-44.891613,9.049012102525195,7.8142761,34.38851491026848,13.791822749888457,32.7531130190475,76.72196132453848,10.135179165207683,33.38851491026848,3.025278293179845e-05,1.0697875e-08,58,100,0.3232107628358359,3232.107628358359,1.3316348946088934,0.24271725241231698,1092.2276358554263,1111.111111111111,1110.111111111111,50000,32.29198731492836,24.24988068851459,1.0339566464165308
