covar,true_effect,mean_blue,sd_blue,se_of_mean,ratio_blue_over_true,t_stat_bias,nrep
snp_1_8457047,-84.27883769517642,-90.03606490000001,42.82641529838077,4.282641529838077,1.068311658801544,-1.3443168578812312,100
snp_2_80280319,-58.91538875347703,-57.938943900000005,32.39395686484528,3.239395686484528,0.9834263190969881,0.30142808967455553,100
snp_3_111612297,-49.48782967788166,-47.94732074,25.47350244312092,2.547350244312092,0.9688709537696663,0.6047495593986029,100
snp_4_72064764,-46.12477040253432,-48.24284392,22.993097690008607,2.299309769000861,1.0459205216412157,-0.921177975243443,100
snp_5_40183454,-44.77383299367032,-47.1884864,24.057025390167517,2.405702539016752,1.0539300132439196,-1.0037206874780913,100
