covar,mean_blue,sd_blue,mean_se,mean_chi2,sd_chi2,median_chi2,max_chi2,min_chi2,ncp_empirical,mean_pval,median_pval,n_sig_5e8,nrep,c_l,c_l_N,ratio_cl_cbar,c_bar,S_N,Wss,Wtilde,M,ncp_theoretical_cl,ncp_theoretical_cbar,ncp_ratio
snp_1_8457047,-90.0360649,42.82641529838078,40.47765,6.053753971130691,4.910445951631547,5.4082013675083385,24.510397760139952,0.012371438972571645,5.053753971130691,0.10868000242982999,0.020043949999999998,0,100,0.8504207467691598,4252.103733845799,1.2447997418800514,0.6831787621394817,324.5099120162538,1052.6315789473683,1051.6315789473683,100000,4.248064235298645,3.4126487115772455,1.1896604408985367
snp_2_80280319,-57.938943900000005,32.39395686484527,30.520021999999997,4.757721625672007,4.299772036572954,3.4424123378306617,23.28074336599545,0.0002004720545994815,3.7577216256720067,0.1775596086267,0.0635646,0,100,0.7553613835274439,3776.806917637219,1.1056570042691476,0.6831787621394817,324.5099120162538,1052.6315789473683,1051.6315789473683,100000,3.7732189510654632,3.4126487115772455,0.99589281046384
snp_3_111612297,-47.94732074,25.47350244312092,25.176817999999997,4.622788202878379,3.955439269204967,3.879403865768194,18.068689993899667,9.497378676027287e-05,3.622788202878379,0.175164708221,0.048883300000000005,0,100,0.7558292091317079,3779.1460456585396,1.1063417820025756,0.6831787621394817,324.5099120162538,1052.6315789473683,1051.6315789473683,100000,3.7755558569151635,3.4126487115772455,0.9595377052210786
snp_4_72064764,-48.242843920000006,22.99309769000861,23.670873,5.08520871665431,4.089894670072397,4.232003174456197,19.727788091988472,0.0007193190136412255,4.08520871665431,0.1446468376409,0.0397611,0,100,0.7547946766176307,3773.9733830881532,1.104827489446353,0.6831787621394817,324.5099120162538,1052.6315789473683,1051.6315789473683,100000,3.7703881083742194,3.4126487115772455,1.083498196798589
snp_5_40183454,-47.1884864,24.057025390167524,23.383245000000002,5.090087159599676,3.889664202287752,4.356121690207101,14.351816264376788,0.022941184842134768,4.090087159599677,0.13389034726000001,0.03700315,0,100,0.727980236367547,3639.9011818377353,1.0655779668673577,0.6831787621394817,324.5099120162538,1052.6315789473683,1051.6315789473683,100000,3.6364432757149894,3.4126487115772455,1.1247493359553349
