covar,true_effect,mean_blue,sd_blue,se_of_mean,ratio_blue_over_true,t_stat_bias,nrep
snp_1_115650225,-26.859410206096666,-26.5796519,12.439895210744682,1.2439895210744683,0.9895843466423859,0.22488799250899535,100
snp_2_63525953,-18.59296031872868,-18.62158895,8.072792102019314,0.8072792102019314,1.0015397564874315,-0.03546310980083304,100
snp_3_45813815,-15.852292829856612,-15.62033549,7.025952241223032,0.7025952241223032,0.9853675842134497,0.3301436330518439,100
snp_4_105627074,-14.640938804321497,-13.50938838,6.232063098439357,0.6232063098439358,0.9227132604374043,1.815691539780559,100
snp_5_47008319,-14.161000445954611,-14.68837527,7.043562195225181,0.704356219522518,1.0372413535369984,-0.7487331117809891,100
