covar,mean_blue,sd_blue,mean_se,mean_chi2,sd_chi2,median_chi2,max_chi2,min_chi2,ncp_empirical,mean_pval,median_pval,n_sig_5e8,nrep,c_l,c_l_N,ratio_cl_cbar,c_bar,S_N,Wss,Wtilde,M,ncp_theoretical_cl,ncp_theoretical_cbar,ncp_ratio
snp_1_115650225,-26.579651899999998,12.439895210744682,11.638267,6.377579439854271,4.988586423151306,5.7130202646688595,24.037612487791527,0.01348793945904985,5.377579439854271,0.11177487729600999,0.016843900000000002,0,100,0.2632044178777592,5264.088357555184,1.636207032092763,0.16086253922348204,1592.539138312472,101.01010101010101,100.01010101010101,50000,5.211973882815387,3.1854000017033908,1.031774057346087
snp_2_63525953,-18.62158895,8.072792102019315,8.3595141,5.902114992324329,4.344943697919644,5.327530655457466,18.175645021171917,0.004628326207026169,4.902114992324329,0.113026982332,0.02099505,0,100,0.24449113943743242,4889.822788748648,1.5198761664315605,0.16086253922348204,1592.539138312472,101.01010101010101,100.01010101010101,50000,4.841413543140036,3.1854000017033908,1.0125379599663207
snp_3_45813815,-15.62033549,7.02595224122303,6.7624162000000005,6.396785025699386,5.114705638433573,5.088803156080376,27.05116940206911,0.000466354150965934,5.396785025699386,0.1039550198588,0.02410385,0,100,0.27175927284535933,5435.185456907187,1.689388182961674,0.16086253922348204,1592.539138312472,101.01010101010101,100.01010101010101,50000,5.381377120883805,3.1854000017033908,1.0028631899362315
snp_4_105627074,-13.50938838,6.232063098439358,5.733891099999999,6.726787763468842,5.430281123838057,5.941008954277873,30.568373410449322,0.0026184089308593887,5.726787763468841,0.10738389816120102,0.01482915,1,100,0.3197056581790493,6394.113163580985,1.9874462986991068,0.16086253922348204,1592.539138312472,101.01010101010101,100.01010101010101,50000,6.330811443261533,3.1854000017033908,0.9045898483620752
snp_5_47008319,-14.68837527,7.043562195225179,7.0647429,5.308634254456393,4.352696954023663,4.429966294145133,20.77939733521152,0.017223516702765018,4.308634254456393,0.1340084230971,0.0353189,0,100,0.1990562218062121,3981.124436124242,1.237430558830534,0.16086253922348204,1592.539138312472,101.01010101010101,100.01010101010101,50000,3.941711304206612,3.1854000017033908,1.0930872207353692
