covar,true_effect,mean_blue,sd_blue,se_of_mean,ratio_blue_over_true,t_stat_bias,nrep
snp_1_8457047,-119.18827528955931,-121.946111,18.562380921697546,1.8562380921697545,1.0231384815640694,-1.4857122704647532,100
snp_2_80280319,-83.31894180765055,-81.99043300000001,15.925315375720908,1.5925315375720908,0.9840551406579608,0.8342119300669718,100
snp_3_111612297,-69.98635990287,-69.506311,12.895288175268172,1.2895288175268171,0.9931408219610758,0.3722669058227749,100
snp_4_72064764,-65.23027586460917,-66.22299699999999,11.791222490098344,1.1791222490098343,1.0152187174166072,-0.8419153622319137,100
snp_5_40183454,-63.31976185907652,-64.798203,11.935259655505378,1.193525965550538,1.0233488108217128,-1.2387171989521975,100
