covar,mean_blue,sd_blue,mean_se,mean_chi2,sd_chi2,median_chi2,max_chi2,min_chi2,ncp_empirical,mean_pval,median_pval,n_sig_5e8,nrep,c_l,c_l_N,ratio_cl_cbar,c_bar,S_N,Wss,Wtilde,M,ncp_theoretical_cl,ncp_theoretical_cbar,ncp_ratio
snp_1_8457047,-121.946111,18.56238092169754,19.132756999999998,41.58714447825065,12.910869442482353,40.13304064211046,90.6740347078942,15.137434336872206,40.58714447825065,1.2087921861681483e-06,2.37341e-10,84,100,0.727745611601445,3638.728058007225,1.5189795923122957,0.47910163855040366,1077.9786867384082,2222.222222222222,2221.222222222222,100000,36.370906303811225,23.9443021406528,1.1159233740072518
snp_2_80280319,-81.990433,15.925315375720906,15.125482,30.54989905591416,11.909956436676227,28.660282882609017,76.2473471840934,9.50562757855266,29.54989905591416,4.982728772863234e-05,8.62792e-08,47,100,0.5879109655518101,2939.5548277590506,1.2271111560599666,0.47910163855040366,1077.9786867384082,2222.222222222222,2221.222222222222,100000,29.382320280865592,23.9443021406528,1.0057033880730548
snp_3_111612297,-69.506311,12.89528817526817,13.076134999999999,29.16985804236059,10.396232773328464,28.586167980868655,60.13773963554882,11.235813221434476,28.169858042360588,3.623865476414803e-05,8.98592e-08,45,100,0.5391814521331361,2695.9072606656805,1.1254009770547084,0.47910163855040366,1077.9786867384082,2222.222222222222,2221.222222222222,100000,26.946941023983808,23.9443021406528,1.0453824060136672
snp_4_72064764,-66.22299699999999,11.791222490098345,11.842704000000001,32.264917161121865,11.218503220369602,31.29851356367365,65.57343689757799,9.627489221979525,31.264917161121865,3.720467898229744e-05,2.21724e-08,57,100,0.5782253504710039,2891.1267523550196,1.2068949549421588,0.47910163855040366,1077.9786867384082,2222.222222222222,2221.222222222222,100000,28.8982574531646,23.9443021406528,1.0818962773721879
snp_5_40183454,-64.798203,11.935259655505378,12.010189,30.06533091394113,10.02061894873554,29.939633538701383,53.80591306546307,1.946809402394611,29.06533091394113,0.001664334789677325,4.472635e-08,51,100,0.528708190555788,2643.5409527789398,1.1035407688345142,0.47910163855040366,1077.9786867384082,2222.222222222222,2221.222222222222,100000,26.42351359350189,23.9443021406528,1.0999797892544054
