covar,true_effect,mean_blue,sd_blue,se_of_mean,ratio_blue_over_true,t_stat_bias,nrep
snp_1_115650225,-188.5667831928156,-187.59340000000003,25.083173899825532,2.5083173899825533,0.994837992268128,0.38806221122691786,100
snp_2_63525953,-130.54250067701273,-132.413076,19.003449788032874,1.9003449788032873,1.0143292438346607,-0.9843346044281022,100
snp_3_45813815,-112.86113539457268,-116.335958,16.19400602603783,1.619400602603783,1.0307884781885193,-2.1457461481984526,100
snp_4_105627074,-103.25756520520784,-106.509524,14.420768911224304,1.4420768911224304,1.0314936613925518,-2.255052289383141,100
snp_5_47008319,-100.0558247112056,-101.38544,15.123765785569667,1.5123765785569667,1.0132887344902919,-0.8791562284461268,100
