covar,mean_blue,sd_blue,mean_se,mean_chi2,sd_chi2,median_chi2,max_chi2,min_chi2,ncp_empirical,mean_pval,median_pval,n_sig_5e8,nrep,c_l,c_l_N,ratio_cl_cbar,c_bar,S_N,Wss,Wtilde,M,ncp_theoretical_cl,ncp_theoretical_cbar,ncp_ratio
snp_1_115650225,-187.5934,25.083173899825532,28.544378000000002,44.05357179699059,12.148106419956404,42.410145703753955,82.68540299495156,18.545165673205037,43.05357179699058,2.3136953774842746e-07,7.612645e-11,90,100,0.8246728946622925,4123.3644733114625,1.3144223208691508,0.627403294640481,156.85082366012023,10000.0,9999.0,50000,41.22952136864131,31.367027715550844,1.0442413680246267
snp_2_63525953,-132.413076,19.003449788032874,19.903544999999998,45.237494227818445,12.986704030803388,44.05098414248826,77.8699955024178,19.64141062576183,44.237494227818445,2.258992838712673e-07,3.215505e-11,91,100,0.8173886974258977,4086.9434871294884,1.3028122491678713,0.627403294640481,156.85082366012023,10000.0,9999.0,50000,40.865347927807754,31.367027715550844,1.0825184776590642
snp_3_45813815,-116.33595799999999,16.194006026037822,17.336608000000002,45.965814094602194,13.059513659971568,45.00527064547752,81.2871407572486,23.67960337923221,44.965814094602194,2.819202008619287e-08,1.96829e-11,88,100,0.8312133684926916,4156.066842463458,1.3248469933027676,0.627403294640481,156.85082366012023,10000.0,9999.0,50000,41.55651235779212,31.367027715550844,1.0820401314589818
snp_4_105627074,-106.509524,14.420768911224304,15.389387,48.794953180536005,13.435708434933726,45.515658733130394,90.92662251994376,22.184993742552216,47.794953180536,3.424552796219092e-08,1.517875e-11,95,100,0.8737786046574065,4368.8930232870325,1.3926904944898406,0.627403294640481,156.85082366012023,10000.0,9999.0,50000,43.684561339847036,31.367027715550844,1.0940925515701505
snp_5_47008319,-101.38544,15.123765785569663,15.211812,45.53054249817513,13.24249944133036,43.43720339528483,76.21058601771193,7.219013087432004,44.53054249817513,7.237119940596845e-05,4.447315e-11,92,100,0.8152681493214478,4076.340746607239,1.2994323687583096,0.627403294640481,156.85082366012023,10000.0,9999.0,50000,40.75933112532579,31.367027715550844,1.0925238778147197
