covar,true_effect,mean_blue,sd_blue,se_of_mean,ratio_blue_over_true,t_stat_bias,nrep
snp_1_115650225,-59.978611908899005,-60.03961204,15.614841555624954,1.5614841555624954,1.0010170313910174,-0.03906548195426454,100
snp_2_63525953,-41.575123175633486,-40.346779999999995,11.45826623795232,1.145826623795232,0.9704548518005738,1.0720148669306928,100
snp_3_45813815,-35.418710237623884,-34.2958527,9.45842505575666,0.945842505575666,0.9682976164267235,1.1871506418930542,100
snp_4_105627074,-32.66684406001682,-33.046805,6.489183602763817,0.6489183602763817,1.0116313941831998,-0.5855296494020424,100
snp_5_47008319,-31.664306877135648,-30.5909704,9.515505300776775,0.9515505300776775,0.9661026378597066,1.1279868416951315,100
