covar,mean_blue,sd_blue,mean_se,mean_chi2,sd_chi2,median_chi2,max_chi2,min_chi2,ncp_empirical,mean_pval,median_pval,n_sig_5e8,nrep,c_l,c_l_N,ratio_cl_cbar,c_bar,S_N,Wss,Wtilde,M,ncp_theoretical_cl,ncp_theoretical_cbar,ncp_ratio
snp_1_115650225,-60.03961204,15.614841555624952,15.266927,16.492120160689538,7.3638532671596835,16.705905932402096,33.4481675258081,0.0003008661547553028,15.492120160689538,0.013949042664829499,4.36489e-05,3,100,0.30519779625767146,15259.889812883574,1.5545345650147322,0.19632744303423008,932.5553544125929,526.3157894736842,525.3157894736842,50000,15.230896022239094,9.797721044623252,1.0171509370209753
snp_2_63525953,-40.346779999999995,11.458266237952316,10.472534000000001,16.009637617870936,8.589942006738388,14.509964642897252,36.5869950739264,1.981688695739862,15.009637617870933,0.007377354017100699,0.0001394155,11,100,0.3083342819036076,15416.714095180381,1.57051035320543,0.19632744303423008,932.5553544125929,526.3157894736842,525.3157894736842,50000,15.387422338399539,9.797721044623252,0.9754484726408115
snp_3_45813815,-34.2958527,9.45842505575666,8.7430799,16.52678536262125,8.361553947701015,16.459730037387594,43.46790029601031,1.2905107832448004,15.52678536262125,0.009320982440361988,4.971905e-05,8,100,0.3241152915784819,16205.764578924094,1.6508914218475903,0.19632744303423008,932.5553544125929,526.3157894736842,525.3157894736842,50000,16.174973626224137,9.797721044623252,0.9599264716851227
snp_4_105627074,-33.046805,6.489183602763817,7.5633659,19.83283379348814,7.545405666408014,19.07653259981032,39.441450176366985,4.259518950230688,18.83283379348814,0.0009742773970032701,1.2558250000000001e-05,12,100,0.36789603027569034,18394.801513784518,1.8738899900588373,0.19632744303423008,932.5553544125929,526.3157894736842,525.3157894736842,50000,18.359851390908325,9.797721044623252,1.0257617772883516
snp_5_47008319,-30.5909704,9.515505300776779,8.614533,13.779815718358655,7.61525133938113,13.392326174406893,35.354608420549766,0.6779394039890001,12.779815718358655,0.0170518682492299,0.0002542005,1,100,0.26427431531445283,13213.715765722642,1.3460895289527919,0.19632744303423008,932.5553544125929,526.3157894736842,525.3157894736842,50000,13.18860970576777,9.797721044623252,0.9690040120581978
