covar,true_effect,mean_blue,sd_blue,se_of_mean,ratio_blue_over_true,t_stat_bias,nrep
snp_1_8457047,-269.5887166983981,-273.16934000000003,24.813636698933646,2.4813636698933648,1.0132817995702978,-1.443006257021484,100
snp_2_80280319,-186.3910978350889,-184.7663,17.53336512066481,1.7533365120664812,0.9912828571001472,0.9266891004134324,100
snp_3_111612297,-158.468997903736,-159.96202999999997,13.435073932991566,1.3435073932991566,1.009421603695449,-1.1112942911297465,100
snp_4_72064764,-145.8517382112394,-144.27076,13.811016062154547,1.3811016062154546,0.9891603745650968,1.1447225925481703,100
snp_5_40183454,-141.6631378818525,-142.77854000000002,12.149574752021136,1.2149574752021137,1.0078736228409524,-0.9180585665864366,100
