covar,mean_blue,sd_blue,mean_se,mean_chi2,sd_chi2,median_chi2,max_chi2,min_chi2,ncp_empirical,mean_pval,median_pval,n_sig_5e8,nrep,c_l,c_l_N,ratio_cl_cbar,c_bar,S_N,Wss,Wtilde,M,ncp_theoretical_cl,ncp_theoretical_cbar,ncp_ratio
snp_1_8457047,-273.16934000000003,24.81363669893365,21.783517000000003,158.7021290963151,29.025700762581828,161.97361400152454,226.24264319297313,102.61258783326194,157.70212909631508,8.949019937306162e-26,4.23732e-37,100,100,0.7338779930016159,14677.55986003232,1.3509436955512564,0.5432335895406469,543.2335895406469,20000.0,19999.0,100000,146.76825982039318,108.64128557223398,1.0744975057229822
snp_2_80280319,-184.7663,17.53336512066481,16.428484,127.65715602853068,24.567943831818113,127.25627994865866,197.24597064998324,86.83172943704554,126.65715602853068,2.396231638214284e-22,2.1391825e-29,100,100,0.6267579991517903,12535.159983035806,1.1537541330641405,0.5432335895406469,543.2335895406469,20000.0,19999.0,100000,125.34533225036657,108.64128557223398,1.0104656771386098
snp_3_111612297,-159.96203,13.43507393299157,14.072823000000001,130.4097149264994,22.997664489050788,130.78843561596867,196.29942008700232,76.88152265891061,129.4097149264994,1.85497824470499e-20,2.782385e-30,100,100,0.615427925303476,12308.55850606952,1.1328974075846008,0.5432335895406469,543.2335895406469,20000.0,19999.0,100000,123.07943078144217,108.64128557223398,1.0514325107360807
snp_4_72064764,-144.27076,13.811016062154552,12.812651,127.95235896582379,24.418649363499107,123.62512361166085,194.72971304255236,75.53734020507461,126.95235896582376,3.618054177548821e-20,1.2195715e-28,100,100,0.6320846657049726,12641.693314099452,1.1635596139028466,0.5432335895406469,543.2335895406469,20000.0,19999.0,100000,126.41061229433747,108.64128557223398,1.0042856106908562
snp_5_40183454,-142.77854,12.149574752021135,12.868155,124.16949029741396,21.904822018036764,122.90588719373463,192.38046864027163,77.99738329284044,123.16949029741394,2.2903674661732798e-20,1.5458000000000001e-28,100,100,0.5850214465209579,11700.428930419157,1.0769242877923775,0.5432335895406469,543.2335895406469,20000.0,19999.0,100000,116.99843908972636,108.64128557223398,1.0527447310895746
