covar,true_effect,mean_blue,sd_blue,se_of_mean,ratio_blue_over_true,t_stat_bias,nrep
snp_1_8457047,-84.3296291035201,-85.1793521,29.483011138559277,2.9483011138559276,1.0100762093408095,-0.28820767067736497,100
snp_2_80280319,-58.63868482873645,-58.1766902,21.02747059498353,2.102747059498353,0.9921213337221704,0.2197100343807711,100
snp_3_111612297,-50.30794675223715,-48.02844519999999,19.940161772257188,1.9940161772257188,0.9546890362378825,1.1431710425783181,100
snp_4_72064764,-46.2427896464867,-47.4070283,16.689634260132788,1.6689634260132789,1.0251766526719859,-0.6975818854786805,100
snp_5_40183454,-44.77210974091912,-46.153427,17.126991950677056,1.7126991950677055,1.0308521815718332,-0.80651480602014,100
