covar,mean_blue,sd_blue,mean_se,mean_chi2,sd_chi2,median_chi2,max_chi2,min_chi2,ncp_empirical,mean_pval,median_pval,n_sig_5e8,nrep,c_l,c_l_N,ratio_cl_cbar,c_bar,S_N,Wss,Wtilde,M,ncp_theoretical_cl,ncp_theoretical_cbar,ncp_ratio
snp_1_8457047,-85.1793521,29.483011138559274,30.66949,8.621472546573447,5.34400844422302,7.702617457499879,25.88483038515221,0.05615503423280631,7.621472546573447,0.043258879339379996,0.005514185,0,100,0.750187059306316,7501.87059306316,1.3386417970315672,0.5604091109136535,532.3886553679708,1052.6315789473683,1051.6315789473683,100000,7.494743815999749,5.598767222582855,1.0169090143285695
snp_2_80280319,-58.1766902,21.027470594983523,22.869843999999997,7.301048755187434,4.895810132043499,5.715097690922073,24.1703475554486,0.048192495053849656,6.301048755187434,0.05661657400115,0.016834599999999998,0,100,0.6480337563074046,6480.337563074046,1.1563583526522145,0.5604091109136535,532.3886553679708,1052.6315789473683,1051.6315789473683,100000,6.4741812423891245,5.598767222582855,0.9732580104387377
snp_3_111612297,-48.02844519999999,19.940161772257188,19.815317,6.872760066491691,5.218409203705226,5.801988513044828,25.708282803782716,0.00408233684574473,5.872760066491691,0.08249114891836999,0.0160248,0,100,0.631156825994095,6311.568259940949,1.1262429780363477,0.5604091109136535,532.3886553679708,1052.6315789473683,1051.6315789473683,100000,6.305572270094006,5.598767222582855,0.9313603611118612
snp_4_72064764,-47.4070283,16.689634260132785,18.112521,7.6749981666139035,4.720053561944591,7.184002432692859,21.50866939720875,0.16965938132869363,6.6749981666139035,0.057128351230899994,0.007406319999999999,0,100,0.6476392244037263,6476.3922440372635,1.1556543457115795,0.5604091109136535,532.3886553679708,1052.6315789473683,1051.6315789473683,100000,6.470239671405428,5.598767222582855,1.031646199462036
snp_5_40183454,-46.153427,17.126991950677052,18.105703000000002,7.359600462036881,5.2448149264094965,6.466097468129652,37.419761688307084,0.24188195314056044,6.359600462036879,0.06015066072252407,0.010995399999999999,1,100,0.6065412253114774,6065.412253114773,1.082318637401546,0.5604091109136535,532.3886553679708,1052.6315789473683,1051.6315789473683,100000,6.059650111474313,5.598767222582855,1.0494996154967087
