covar,true_effect,mean_blue,sd_blue,se_of_mean,ratio_blue_over_true,t_stat_bias,nrep
snp_1_115650225,-109.653082995066,-109.24955999999999,14.213414658190219,1.421341465819022,0.9963200031951298,0.2839029218313065,100
snp_2_63525953,-75.90544264783425,-75.985499,8.932806007395245,0.8932806007395244,1.0010546852685804,-0.08962060980556222,100
snp_3_45813815,-64.71671447721516,-64.592037,7.9712554365341814,0.7971255436534181,0.9980734887699058,0.15640883447760479,100
snp_4_105627074,-59.771382376502864,-58.586670000000005,7.4214972353592135,0.7421497235359213,0.9801792709253352,1.5963252951956617,100
snp_5_47008319,-57.81204223318973,-58.593776,7.686180593505713,0.7686180593505714,1.0135219884406967,-1.01706401157264,100
