covar,mean_blue,sd_blue,mean_se,mean_chi2,sd_chi2,median_chi2,max_chi2,min_chi2,ncp_empirical,mean_pval,median_pval,n_sig_5e8,nrep,c_l,c_l_N,ratio_cl_cbar,c_bar,S_N,Wss,Wtilde,M,ncp_theoretical_cl,ncp_theoretical_cbar,ncp_ratio
snp_1_115650225,-109.24956,14.213414658190219,13.335268000000001,68.41773358623692,18.19264502889072,69.11046934898292,122.38052495679993,25.8750470110442,67.41773358623692,3.6738835085038237e-09,9.403090000000001e-17,99,100,0.324806587518283,6496.13175036566,1.5838692095782871,0.20507159653969428,1025.3579826984715,2000.0,1999.0,50000,64.92883684490478,40.99381214828489,1.0383326864036908
snp_2_63525953,-75.985499,8.932806007395241,9.3051099,67.6807949273401,15.895820456093945,65.62231488419425,104.2574617288808,34.412538246764065,66.6807949273401,6.800827301890922e-11,5.47078e-16,100,100,0.32067962456481924,6413.592491296385,1.5637447114854226,0.20507159653969428,1025.3579826984715,2000.0,1999.0,50000,64.10385695050736,40.99381214828489,1.0401994216794523
snp_3_45813815,-64.592037,7.971255436534185,7.714318899999999,71.1421594285262,17.233344241112146,69.43396464654762,123.89417724832143,34.73760684657797,70.1421594285262,4.9597322434963924e-11,7.93339e-17,100,100,0.3386549159000564,6773.098318001128,1.6513984462714482,0.20507159653969428,1025.3579826984715,2000.0,1999.0,50000,67.69711768842127,40.99381214828489,1.0361173684137976
snp_4_105627074,-58.586670000000005,7.421497235359216,6.6392835,79.13731489711671,20.00491079234602,78.59594110032393,149.26099566517829,37.38511822248905,78.13731489711671,1.3987392596023462e-11,7.689185e-19,100,100,0.3859626905378789,7719.253810757578,1.882087510169507,0.20507159653969428,1025.3579826984715,2000.0,1999.0,50000,77.153941838522,40.99381214828489,1.0127455971161246
snp_5_47008319,-58.593776,7.686180593505713,7.7065068,58.78858324053467,15.143590829624397,58.32047214498452,102.35074020025719,29.385991302572382,57.78858324053466,1.9114678392769326e-09,2.232275e-14,99,100,0.2728236361731736,5456.472723463473,1.3303823678008233,0.20507159653969428,1025.3579826984715,2000.0,1999.0,50000,54.537444871017414,40.99381214828489,1.0596129572481123
