covar,true_effect,mean_blue,sd_blue,se_of_mean,ratio_blue_over_true,t_stat_bias,nrep
snp_1_12709676,-16.75531337009861,-16.772551449999998,10.783189026529062,1.078318902652906,1.0010288127425986,-0.015986068554469213,100
snp_2_52446065,-11.888949132401654,-12.854620575000002,8.431663509597826,0.8431663509597825,1.0812242891986599,-1.1452917226821453,100
snp_3_89229500,-10.015661716722688,-9.15743369,6.033009892681831,0.6033009892681831,0.9143114003850844,1.4225536539625723,100
snp_4_98371204,-9.222079817217557,-9.616787380000002,5.624386010711905,0.5624386010711905,1.0428002761422135,-0.7017789355686223,100
snp_5_76120008,-8.951652725957718,-7.9684109,3.9519371029851063,0.39519371029851064,0.8901608612333067,2.4879996830289213,100
