covar,mean_blue,sd_blue,mean_se,mean_chi2,sd_chi2,median_chi2,max_chi2,min_chi2,ncp_empirical,mean_pval,median_pval,n_sig_5e8,nrep,c_l,c_l_N,ratio_cl_cbar,c_bar,S_N,Wss,Wtilde,M,ncp_theoretical_cl,ncp_theoretical_cbar,ncp_ratio
snp_1_12709676,-16.77255145,10.78318902652906,11.180923,3.1674851190707654,3.0286878145834444,2.5767588672150916,20.376460764472426,0.0011117363523656934,2.167485119070766,0.23493315210799998,0.10850699999999999,0,100,0.44267877614903056,2213.3938807451527,2.0496589016641664,0.21597680267170757,534.5425866124763,40.4040404040404,39.4040404040404,20000,2.15861238219671,1.053156884027914,1.0041103891311076
snp_2_52446065,-12.854620574999998,8.431663509597826,7.9511292000000005,3.7403948975963943,3.970773439265327,2.4515812852190617,18.83215906779961,1.7343059326039925e-06,2.7403948975963943,0.22109804013800002,0.1174095,0,100,0.4454692872818663,2227.3464364093315,2.0625793222756217,0.21597680267170757,534.5425866124763,40.4040404040404,39.4040404040404,20000,2.1722196121082007,1.053156884027914,1.2615643843380842
snp_3_89229500,-9.15743369,6.033009892681833,5.561940600000001,3.894032627277794,3.8156097024694393,2.4140802596401825,18.294866826889635,0.0013756474733296333,2.8940326272777948,0.23806234138000001,0.12030550000000001,0,100,0.6533115649919757,3266.557824959879,3.0249154395763167,0.21597680267170757,534.5425866124763,40.4040404040404,39.4040404040404,20000,3.185710518792122,1.053156884027914,0.9084418091996261
snp_4_98371204,-9.61678738,5.624386010711906,6.1842691,3.2094828626687217,3.160621309420497,2.2677281785932255,14.76036477564667,0.00200244358413435,2.2094828626687213,0.21986263016,0.132094,0,100,0.44980712002530593,2249.0356001265295,2.082664038271873,0.21597680267170757,534.5425866124763,40.4040404040404,39.4040404040404,20000,2.193371969023398,1.053156884027914,1.0073452628522908
snp_5_76120008,-7.9684109,3.951937102985106,4.9631126,3.1810126557995506,2.648697825273696,2.5565152008634815,16.58812969570453,0.016681034733934154,2.1810126557995506,0.18543835582899998,0.1098465,0,100,0.6501192932895838,3250.5964664479193,3.010134816551518,0.21597680267170757,534.5425866124763,40.4040404040404,39.4040404040404,20000,3.1701442039033334,1.053156884027914,0.6879853140794399
