covar,true_effect,mean_blue,sd_blue,se_of_mean,ratio_blue_over_true,t_stat_bias,nrep
snp_1_115650225,-26.667370220434684,-25.937119969999998,15.613608403998933,1.5613608403998933,0.972616338079144,0.46770114347664543,100
snp_2_63525953,-18.461497492353036,-19.624448393,11.453757546205171,1.1453757546205172,1.062993313577551,-1.01534443692871,100
snp_3_45813815,-15.960974833983084,-18.10756757,9.688454392497881,0.9688454392497882,1.1344900771002113,-2.2156193847380865,100
snp_4_105627074,-14.60282491308291,-16.42740388,8.167547277920283,0.8167547277920283,1.1249469864753647,-2.233937441475925,100
snp_5_47008319,-14.1500304301012,-15.68576309,9.92240084729914,0.9922400847299141,1.108532110053407,-1.5477430145515876,100
