covar,mean_blue,sd_blue,mean_se,mean_chi2,sd_chi2,median_chi2,max_chi2,min_chi2,ncp_empirical,mean_pval,median_pval,n_sig_5e8,nrep,c_l,c_l_N,ratio_cl_cbar,c_bar,S_N,Wss,Wtilde,M,ncp_theoretical_cl,ncp_theoretical_cbar,ncp_ratio
snp_1_115650225,-25.937119969999998,15.613608403998931,16.4229,3.3807114162890937,3.7431119620929327,2.323489614571085,20.210086524017782,0.0007036040992512828,2.3807114162890928,0.2356317316505,0.12769799999999998,0,100,0.5204154045951326,2602.077022975663,1.5418842619154352,0.3375191105126377,835.3597985187783,101.01010101010101,100.01010101010101,50000,2.576316460448204,1.670888356592813,0.9240756921123419
snp_2_63525953,-19.624448393,11.45375754620517,11.340689,4.009538411790957,4.013684344872116,3.038947476535459,20.02488517020961,3.203900240721018e-05,3.009538411790957,0.1897653422479,0.08141,0,100,0.5249598714390392,2624.799357195196,1.555348586459916,0.3375191105126377,835.3597985187783,101.01010101010101,100.01010101010101,50000,2.5988138435589634,1.670888356592813,1.1580430892539513
snp_3_45813815,-18.10756757,9.68845439249788,9.6639572,4.505839487188042,4.001341822089651,3.502288471305548,21.76831072560595,0.0018697185205049473,3.505839487188042,0.1649194178801,0.0612966,0,100,0.5569288821133914,2784.644410566957,1.6500662177839507,0.3375191105126377,835.3597985187783,101.01010101010101,100.01010101010101,50000,2.757076430902344,1.670888356592813,1.2715786359396066
snp_4_105627074,-16.42740388,8.167547277920283,8.266357399999999,4.9328721100201385,4.351081459889312,3.7437804582687217,22.23741613933822,0.0011874626041104759,3.9328721100201394,0.1396532984486,0.0530698,0,100,0.6299230666752335,3149.615333376167,1.8663330373159635,0.3375191105126377,835.3597985187783,101.01010101010101,100.01010101010101,50000,3.118434141575743,1.670888356592813,1.2611688852383016
snp_5_47008319,-15.68576309,9.922400847299139,9.2703335,3.9919227666305246,3.9302410008420443,2.711153753164485,18.974090872903552,0.006480131839850077,2.9919227666305246,0.184420921122,0.09967785,0,100,0.4589816300869415,2294.9081504347073,1.359868569782083,0.3375191105126377,835.3597985187783,101.01010101010101,100.01010101010101,50000,2.2721885597454037,1.670888356592813,1.3167581333856229
