covar,true_effect,mean_blue,sd_blue,se_of_mean,ratio_blue_over_true,t_stat_bias,nrep
snp_1_8457047,-120.28878616353248,-120.67060899999997,10.527615708712121,1.0527615708712121,1.0031742180517842,-0.3626869055939371,100
snp_2_80280319,-83.58435011773953,-84.089697,8.245950653373429,0.8245950653373428,1.0060459509650863,-0.6128424768752776,100
snp_3_111612297,-70.97441400649065,-71.389159,7.198959574730576,0.7198959574730577,1.0058435846116522,-0.5761179642752488,100
snp_4_72064764,-65.31972647421809,-64.14764000000001,6.759985778255914,0.6759985778255915,0.9820561637734245,1.7338593787995755,100
snp_5_40183454,-63.321616488387285,-62.877354999999994,6.104481221488858,0.6104481221488858,0.9929840469491368,0.7277628880623161,100
