covar,mean_blue,sd_blue,mean_se,mean_chi2,sd_chi2,median_chi2,max_chi2,min_chi2,ncp_empirical,mean_pval,median_pval,n_sig_5e8,nrep,c_l,c_l_N,ratio_cl_cbar,c_bar,S_N,Wss,Wtilde,M,ncp_theoretical_cl,ncp_theoretical_cbar,ncp_ratio
snp_1_8457047,-120.670609,10.527615708712123,10.817074,125.381207893871,21.610443997902145,124.93453384835225,175.66527092855085,83.22126691572238,124.38120789387098,1.1864723399274584e-21,6.198715e-29,100,100,0.23982033680783993,11991.016840391996,1.6548177315602186,0.14492250852408328,3260.7564417918743,2222.222222222222,2221.222222222222,100000,119.85620882813821,72.42864669762372,1.0377535641246685
snp_2_80280319,-84.089697,8.245950653373425,8.459322100000001,99.76896083304257,19.791847189431596,97.12041185685023,163.3904819388036,56.76805864756355,98.76896083304257,5.030251243165448e-16,6.526120000000001e-23,100,100,0.1893731893008289,9468.659465041444,1.306720337851168,0.14492250852408328,3260.7564417918743,2222.222222222222,2221.222222222222,100000,94.64398568282176,72.42864669762372,1.0435841233910492
snp_3_111612297,-71.389159,7.198959574730581,7.8406214,83.73105377574589,16.559657906896007,82.37280712679556,136.81018337027962,36.63216173533492,82.73105377574588,1.427439143742251e-11,1.1418355e-19,100,100,0.15888321847730735,7944.160923865367,1.0963322405567115,0.14492250852408328,3260.7564417918743,2222.222222222222,2221.222222222222,100000,79.40586051449628,72.42864669762372,1.0418759174663506
snp_4_72064764,-64.14764,6.759985778255914,6.7729900999999995,90.65760168729138,18.80983742363956,89.3334723894763,149.6249834731471,41.74007200670338,89.65760168729139,1.042727413247172e-12,3.335885e-21,100,100,0.18034319742482305,9017.159871241152,1.2444112323300942,0.14492250852408328,3260.7564417918743,2222.222222222222,2221.222222222222,100000,90.13102149299094,72.42864669762372,0.9947474266034324
snp_5_40183454,-62.877354999999994,6.104481221488858,6.290856300000001,100.8341021430594,19.113864090330953,101.08843114748956,144.86916670498857,50.0983634071321,99.8341021430594,1.5032815010466018e-14,8.984965e-24,100,100,0.1939415394727445,9697.076973637226,1.3382430475975042,0.14492250852408328,3260.7564417918743,2222.222222222222,2221.222222222222,100000,96.92713288999089,72.42864669762372,1.029991284858986
