covar,true_effect,mean_blue,sd_blue,se_of_mean,ratio_blue_over_true,t_stat_bias,nrep
snp_1_12709676,-53.82460315858791,-50.555322,7.123770608387475,0.7123770608387475,0.9392604688797174,4.589256642737328,100
snp_2_52446065,-37.33747829564616,-38.365601,4.31335415445059,0.43133541544505893,1.027535943809942,-2.3835805443728915,100
snp_3_89229500,-31.7009874836729,-30.092185000000004,3.015618291407203,0.3015618291407203,0.9492507138933295,5.334900933109035,100
snp_4_98371204,-29.233828141812136,-30.283340000000006,3.489233151981806,0.3489233151981806,1.0359005961551369,-3.007858209738065,100
snp_5_76120008,-28.327461627605462,-27.425698999999998,2.5303849207523164,0.25303849207523166,0.9681664866601855,3.563736964324615,100
