covar,mean_blue,sd_blue,mean_se,mean_chi2,sd_chi2,median_chi2,max_chi2,min_chi2,ncp_empirical,mean_pval,median_pval,n_sig_5e8,nrep,c_l,c_l_N,ratio_cl_cbar,c_bar,S_N,Wss,Wtilde,M,ncp_theoretical_cl,ncp_theoretical_cbar,ncp_ratio
snp_1_12709676,-50.555322,7.123770608387475,6.8818202,55.14316461173955,15.864194986987775,53.3404103115184,105.47644240696914,17.759638496930638,54.14316461173956,2.5183917915634264e-07,2.839735e-13,99,100,0.11652900704292993,5826.450352146497,2.167145151426336,0.05377074395143065,1209.8417389071897,444.44444444444446,443.44444444444446,20000,58.13340838854168,26.824879888769967,0.9313605741102802
snp_2_52446065,-38.365601,4.3133541544505904,4.9174522000000005,61.750331718423865,14.416273671206614,60.73640288429225,109.19856382303028,29.796598608985835,60.750331718423865,5.284982865280702e-10,6.52668e-15,100,100,0.11018374367824525,5509.187183912262,2.0491392824650263,0.05377074395143065,1209.8417389071897,444.44444444444446,443.44444444444446,20000,54.967915127484595,26.824879888769967,1.1051962145103806
snp_3_89229500,-30.092185,3.0156182914072036,3.0171666,100.66119538635238,20.415746915477346,100.43945124321385,158.0463241613888,53.92740241771225,99.66119538635239,4.759230020342104e-15,1.2255650000000002e-23,100,100,0.2112481992482415,10562.409962412075,3.9286828435748458,0.05377074395143065,1209.8417389071897,444.44444444444446,443.44444444444446,20000,105.38644539996649,26.824879888769967,0.945673753470995
snp_4_98371204,-30.28334,3.4892331519818067,3.4370344999999998,78.64436945712318,17.667728599285812,78.41838343999576,118.56584817307618,36.98018205018438,77.64436945712318,1.2075008096947103e-11,8.341265e-19,100,100,0.13740320917360913,6870.160458680456,2.5553525779319872,0.05377074395143065,1209.8417389071897,444.44444444444446,443.44444444444446,20000,68.54702597648425,26.824879888769967,1.1327168225177247
snp_5_76120008,-27.425698999999998,2.5303849207523164,2.7580362000000003,99.78339369005975,18.686480076468133,99.79315706680596,158.99460269827586,61.52744557827998,98.78339369005977,7.315776369646808e-17,1.6919699999999998e-23,100,100,0.20045624599216774,10022.812299608388,3.727979776014133,0.05377074395143065,1209.8417389071897,444.44444444444446,443.44444444444446,20000,100.0026097193427,26.824879888769967,0.9878081578800327
