covar,true_effect,mean_blue,sd_blue,se_of_mean,ratio_blue_over_true,t_stat_bias,nrep
snp_1_12709676,-21.63101654762613,-21.753459278,13.314036202330993,1.3314036202330992,1.0056605166985233,-0.09196514754288851,100
snp_2_52446065,-15.348567331232909,-16.8684625,10.482048380417584,1.0482048380417583,1.0990252142735333,-1.449998238518473,100
snp_3_89229500,-12.93016367670472,-11.999896769999998,7.901706736229268,0.7901706736229268,0.9280545142378428,1.1772986998358905,100
snp_4_98371204,-11.90565384982638,-12.466556509999998,6.9274269706333405,0.692742697063334,1.0471122936420496,-0.8096839743694,100
snp_5_76120008,-11.556533976222156,-10.5787752,5.148349394831275,0.5148349394831275,0.9153934234750734,1.8991694254546576,100
