covar,mean_blue,sd_blue,mean_se,mean_chi2,sd_chi2,median_chi2,max_chi2,min_chi2,ncp_empirical,mean_pval,median_pval,n_sig_5e8,nrep,c_l,c_l_N,ratio_cl_cbar,c_bar,S_N,Wss,Wtilde,M,ncp_theoretical_cl,ncp_theoretical_cbar,ncp_ratio
snp_1_12709676,-21.753459278,13.31403620233099,13.58268,3.5070644268569993,3.183450896240906,2.59802012219322,21.432904107797086,1.0665713265585653e-05,2.5070644268569997,0.21084184414309998,0.10711699999999999,0,100,0.4980948907879382,2490.474453939691,1.9971071631003134,0.2494081940073234,367.877086160802,67.79661016949153,66.79661016949153,20000,2.453739955744081,1.2286471157285768,1.0217319162073752
snp_2_52446065,-16.8684625,10.482048380417583,9.737537,4.159478892856288,4.323739800600832,2.457364661078545,19.59967211384603,0.017219958569409718,3.1594788928562867,0.1970565180254,0.117018,0,100,0.4944366889379422,2472.183444689711,1.982439634374739,0.2494081940073234,367.877086160802,67.79661016949153,66.79661016949153,20000,2.4357187388805377,1.2286471157285768,1.2971443879880773
snp_3_89229500,-11.99989677,7.901706736229266,7.1361785,4.060577590964654,4.05233300789696,2.4049279530166396,20.671652080337847,0.0032582520328779015,3.0605775909646544,0.23125374315830002,0.120962,0,100,0.6610347067899506,3305.1735339497527,2.650412948223107,0.2494081940073234,367.877086160802,67.79661016949153,66.79661016949153,20000,3.2564222243239938,1.2286471157285768,0.9398589556672139
snp_4_98371204,-12.46655651,6.92742697063334,7.6406906,3.4425983435989327,3.300569157538916,2.4453118722478164,15.300307361533505,0.0055734996896238285,2.4425983435989327,0.20359396257,0.1178875,0,100,0.4904470237874908,2452.235118937454,1.9664431064084837,0.2494081940073234,367.877086160802,67.79661016949153,66.79661016949153,20000,2.4160646509331265,1.2286471157285768,1.0109821948082218
snp_5_76120008,-10.5787752,5.148349394831275,6.326666,3.4284142669436863,2.7609398571175348,2.9408995010929244,15.349899042557167,0.027878030281774418,2.428414266943685,0.174345397385,0.0864049,0,100,0.6664452799096333,3332.2263995481667,2.6721065944211295,0.2494081940073234,367.877086160802,67.79661016949153,66.79661016949153,20000,3.283076060154831,1.2286471157285768,0.7396765175245925
