covar,true_effect,mean_blue,sd_blue,se_of_mean,ratio_blue_over_true,t_stat_bias,nrep
snp_1_12709676,-16.989466775944596,-18.48671743,6.901029669317842,0.6901029669317842,1.0881281722258265,-2.169604719585859,100
snp_2_52446065,-11.850470840410626,-11.305359610000004,5.896616021015738,0.5896616021015738,0.9540008799859859,0.9244475619030096,100
snp_3_89229500,-10.022459438005082,-10.083143499999998,3.37620708239511,0.33762070823951096,1.0060548074422535,-0.17974034327262375,100
snp_4_98371204,-9.245047717872128,-8.56992275,3.9030375561514674,0.39030375561514674,0.926974420416781,1.7297424330649398,100
snp_5_76120008,-8.95648272499676,-8.02946384,3.2932010368754883,0.3293201036875488,0.8964974406292849,2.8149477502785385,100
