covar,mean_blue,sd_blue,mean_se,mean_chi2,sd_chi2,median_chi2,max_chi2,min_chi2,ncp_empirical,mean_pval,median_pval,n_sig_5e8,nrep,c_l,c_l_N,ratio_cl_cbar,c_bar,S_N,Wss,Wtilde,M,ncp_theoretical_cl,ncp_theoretical_cbar,ncp_ratio
snp_1_12709676,-18.48671743,6.901029669317842,8.4520039,5.453407103568465,3.864489213019618,4.887558564180146,29.105873304623344,0.001986569619617126,4.453407103568468,0.08611453803527601,0.0270515,0,100,0.20281961057850179,4056.3922115700357,2.135709478622508,0.09496591770024665,940.1625852324418,40.4040404040404,39.4040404040404,20000,3.955996504333677,1.8523102247433105,1.1257358540862947
snp_2_52446065,-11.30535961,5.896616021015738,6.0090572,4.508058708055534,3.6070467476526495,3.7766701577713824,16.343393004560212,0.0023726587155175087,3.508058708055535,0.15994008548,0.052001950000000005,0,100,0.19367239332839764,3873.4478665679526,2.0393884250106566,0.09496591770024665,940.1625852324418,40.4040404040404,39.4040404040404,20000,3.7775800318703956,1.8523102247433105,0.9286523855110987
snp_3_89229500,-10.0831435,3.3762070823951102,3.8298474,7.712778203043358,4.888363198959485,6.6311201786195255,26.144509248339112,0.20133684981464234,6.712778203043357,0.04590653156136,0.010021579999999999,0,100,0.3436371559642147,6872.743119284293,3.618531408803752,0.09496591770024665,940.1625852324418,40.4040404040404,39.4040404040404,20000,6.702642727082007,1.8523102247433105,1.0015121611540472
snp_4_98371204,-8.56992275,3.903037556151467,4.3987056,4.568147801475393,3.9559122670573053,3.4969127596009146,25.24805253992475,0.004402671380813332,3.5681478014753933,0.13439571394348002,0.0614838,0,100,0.2223808535932814,4447.6170718656285,2.341691198048664,0.09496591770024665,940.1625852324418,40.4040404040404,39.4040404040404,20000,4.337538549336954,1.8523102247433105,0.822620424208294
snp_5_76120008,-8.02946384,3.293201036875489,3.4657459,6.257022497135489,4.270360732528845,5.75843945742939,17.958751207514407,0.00756961823634488,5.257022497135489,0.097989305729,0.01641305,0,100,0.3346885505101777,6693.771010203554,3.5243017559899643,0.09496591770024665,940.1625852324418,40.4040404040404,39.4040404040404,20000,6.528100177701016,1.8523102247433105,0.8052913334713625
