covar,true_effect,mean_blue,sd_blue,se_of_mean,ratio_blue_over_true,t_stat_bias,nrep
snp_1_8457047,-38.12560194176327,-39.5920491,14.882193114184245,1.4882193114184246,1.0384635804695417,-0.9853703328436533,100
snp_2_80280319,-26.35968184639933,-25.2436387,10.46438227590912,1.046438227590912,0.9576609781217152,1.0665160321681468,100
snp_3_111612297,-22.410900605113703,-23.39076878,9.729095601820717,0.9729095601820716,1.0437228379239123,-1.0071523757078937,100
snp_4_72064764,-20.62655062740249,-19.036113457,8.562870948711126,0.8562870948711125,0.9228936917697917,1.8573644049159503,100
snp_5_40183454,-20.03419308808456,-20.746695199999998,7.705451781642471,0.7705451781642471,1.0355643029286365,-0.9246727279676297,100
