covar,mean_blue,sd_blue,mean_se,mean_chi2,sd_chi2,median_chi2,max_chi2,min_chi2,ncp_empirical,mean_pval,median_pval,n_sig_5e8,nrep,c_l,c_l_N,ratio_cl_cbar,c_bar,S_N,Wss,Wtilde,M,ncp_theoretical_cl,ncp_theoretical_cbar,ncp_ratio
snp_1_8457047,-39.5920491,14.882193114184243,13.527204,9.780922011804495,6.468116939080912,8.924876921602618,30.362013772493885,0.07984316380484716,8.780922011804492,0.04932209234945201,0.002816445,1,100,0.395577431103205,7911.5486220641,1.6390944247794708,0.24133901325204452,2389.2562311952406,202.02020202020202,201.02020202020202,100000,7.872386456384882,4.802887702728938,1.1154078957445925
snp_2_80280319,-25.2436387,10.464382275909118,10.569033,6.667202798683721,4.984689407328815,5.78933871380389,23.749538279345675,0.0475579628851196,5.667202798683719,0.0876925116126,0.0161351,0,100,0.31338742662634317,6267.7485325268635,1.2985361231217691,0.24133901325204452,2389.2562311952406,202.02020202020202,201.02020202020202,100000,6.2367231772908545,4.802887702728938,0.9086827549632358
snp_3_111612297,-23.39076878,9.729095601820715,9.6518901,6.907057020188332,5.028225975706873,5.652032370356124,21.759492368712703,0.0011435545953293992,5.90705702018833,0.0855786308344,0.017435199999999998,0,100,0.27009954068048586,5401.990813609717,1.1191706514454214,0.24133901325204452,2389.2562311952406,202.02020202020202,201.02020202020202,100000,5.375250959082349,4.802887702728938,1.0989360432013708
snp_4_72064764,-19.036113457,8.562870948711128,8.3942127,6.162549391626865,4.799321345368254,5.062562754318481,26.255817281549604,6.466214900390924e-05,5.162549391626865,0.11155384865311,0.024451800000000003,0,100,0.30435117754442514,6087.0235508885025,1.2610939832863794,0.24133901325204452,2389.2562311952406,202.02020202020202,201.02020202020202,100000,6.056892784311604,4.802887702728938,0.8523428720744006
snp_5_40183454,-20.746695199999998,7.705451781642469,8.1925887,7.2887692368784585,4.822057754833928,6.243620652897941,24.1514696830438,0.04749174261794164,6.2887692368784585,0.0671654397566,0.0124692,0,100,0.29756061186873795,5951.212237374759,1.2329569424317564,0.24133901325204452,2389.2562311952406,202.02020202020202,201.02020202020202,100000,5.9217537367997535,4.802887702728938,1.0619775013266675
