covar,true_effect,mean_blue,sd_blue,se_of_mean,ratio_blue_over_true,t_stat_bias,nrep
snp_1_12709676,-38.64941690876314,-39.565345,17.606421376377504,1.7606421376377503,1.0236983676467621,-0.5202238840345806,100
snp_2_52446065,-26.69061212544491,-27.283171900000003,11.42082889503021,1.142082889503021,1.02220105600314,-0.5188413030274404,100
snp_3_89229500,-22.4363934925613,-22.11440802,8.655799649800741,0.8655799649800742,0.9856489648094264,0.3719881300264546,100
snp_4_98371204,-20.658116592757807,-20.622183309999997,8.596056938684933,0.8596056938684933,0.99826057314584,0.04180205298094186,100
snp_5_76120008,-20.026266052456407,-19.500960100000004,7.115348377204368,0.7115348377204368,0.9737691514194196,0.738271585041907,100
