covar,mean_blue,sd_blue,mean_se,mean_chi2,sd_chi2,median_chi2,max_chi2,min_chi2,ncp_empirical,mean_pval,median_pval,n_sig_5e8,nrep,c_l,c_l_N,ratio_cl_cbar,c_bar,S_N,Wss,Wtilde,M,ncp_theoretical_cl,ncp_theoretical_cbar,ncp_ratio
snp_1_12709676,-39.565345,17.606421376377504,16.414684,6.965190972438467,5.353601648427454,5.382066924639643,23.591007246139096,0.037652405853957197,5.965190972438467,0.10093043883710001,0.0203464,0,100,0.5453465883189504,5453.465883189504,1.9528019139332105,0.27926364903061146,265.30046657908093,210.52631578947367,209.52631578947367,20000,5.427561920244354,2.7793714669771608,1.0990553512045254
snp_2_52446065,-27.283171900000003,11.42082889503021,11.6272,6.473701595508438,4.656894787009993,5.341529922662643,23.28106045995869,0.02667032836015576,5.473701595508439,0.0857121744372,0.0208245,0,100,0.5210480483876784,5210.480483876784,1.8657925949057685,0.27926364903061146,265.30046657908093,210.52631578947367,209.52631578947367,20000,5.185730701578369,2.7793714669771608,1.055531401552036
snp_3_89229500,-22.11440802,8.655799649800738,8.8152897,7.263126263640562,5.286805017027985,6.064030583949199,27.86239071193649,0.0006963737829195372,6.263126263640562,0.07132402277978,0.01382175,0,100,0.6501253174110665,6501.253174110665,2.32799836164786,0.27926364903061146,265.30046657908093,210.52631578947367,209.52631578947367,20000,6.470372221533639,2.7793714669771608,0.9679700099472863
snp_4_98371204,-20.62218331,8.596056938684931,9.0137132,6.1724220727642765,4.597836629137738,5.189526285877335,20.05182647194707,0.01012630725645886,5.1724220727642765,0.0971371034494,0.02272665,0,100,0.5200575115698817,5200.575115698816,1.862245635531589,0.27926364903061146,265.30046657908093,210.52631578947367,209.52631578947367,20000,5.175872383899247,2.7793714669771608,0.9993333855862244
snp_5_76120008,-19.5009601,7.11534837720437,7.7279002000000006,7.218843383615817,4.79348473204864,6.275190968192668,23.420143270671296,0.033317103160063484,6.218843383615819,0.0626842197037,0.012245550000000001,0,100,0.6686821411095902,6686.8214110959025,2.3944474815492107,0.27926364903061146,265.30046657908093,210.52631578947367,209.52631578947367,20000,6.655059009393196,2.7793714669771608,0.9344535299894883
