covar,true_effect,mean_blue,sd_blue,se_of_mean,ratio_blue_over_true,t_stat_bias,nrep
snp_1_8457047,-120.5637393009102,-122.003921,14.508863010527097,1.4508863010527098,1.0119453967456609,-0.9926220256162476,100
snp_2_80280319,-83.35663303201456,-82.253628,10.209711820763918,1.0209711820763918,0.9867676393360212,1.0803488397893104,100
snp_3_111612297,-70.86949032780508,-71.79970900000001,9.440023054618901,0.9440023054618901,1.0131257988154314,-0.9853987292327422,100
snp_4_72064764,-65.22688025536698,-63.603424,8.347328898033394,0.8347328898033395,0.9751106254199027,1.944881141258808,100
snp_5_40183454,-63.35368124194955,-63.98061700000001,7.52713714764153,0.7527137147641529,1.0098958063013919,-0.8329006709368842,100
