covar,mean_blue,sd_blue,mean_se,mean_chi2,sd_chi2,median_chi2,max_chi2,min_chi2,ncp_empirical,mean_pval,median_pval,n_sig_5e8,nrep,c_l,c_l_N,ratio_cl_cbar,c_bar,S_N,Wss,Wtilde,M,ncp_theoretical_cl,ncp_theoretical_cbar,ncp_ratio
snp_1_8457047,-122.00392099999999,14.508863010527094,13.153005,87.32900236109832,20.6443462675044,86.24634744792908,138.665736384605,43.32426541161429,86.3290023610983,7.553634053525301e-13,1.59658e-20,100,100,0.40383888747050767,8076.777749410154,1.6341929232514698,0.2471182451745111,2224.0642065705997,2222.222222222222,2221.222222222222,100000,80.7314319942292,49.40140839283651,1.0693357002173483
snp_2_80280319,-82.253628,10.209711820763918,10.2757756,65.04566711143482,15.990320466666322,64.49561981872282,107.60951033626935,33.48516698677642,64.04566711143484,1.1457116345548649e-10,9.749835e-16,100,100,0.32011771529709526,6402.354305941905,1.2954029965332308,0.2471182451745111,2224.0642065705997,2222.222222222222,2221.222222222222,100000,63.99473246504231,49.40140839283651,1.000795919358212
snp_3_111612297,-71.79970900000001,9.440023054618903,9.3715689,59.79972653897978,15.810804604909675,57.82811151690846,98.58205319041606,25.244972641511247,58.79972653897978,8.846139178864991e-09,2.893195e-14,97,100,0.2773391188475751,5546.782376951503,1.1222931704282804,0.2471182451745111,2224.0642065705997,2222.222222222222,2221.222222222222,100000,55.44286324881874,49.40140839283651,1.0605463551746233
snp_4_72064764,-63.603424,8.347328898033394,8.158917,61.7865102106999,15.920202298734196,61.0867198437908,113.29515509022018,28.794452423449208,60.78651021069989,1.0422990657086267e-09,5.532245e-15,99,100,0.31125019475898225,6225.003895179645,1.2595192821120196,0.2471182451745111,2224.0642065705997,2222.222222222222,2221.222222222222,100000,62.222026434268145,49.40140839283651,0.9769291309551812
snp_5_40183454,-63.980617,7.527137147641528,7.9946813,64.94902830534315,15.041887160269608,64.15352158012507,107.29988515873134,31.87845665824193,63.94902830534315,2.828275029883939e-10,1.219961e-15,100,100,0.299808584193983,5996.17168387966,1.2132191371877976,0.2471182451745111,2224.0642065705997,2222.222222222222,2221.222222222222,100000,59.93473406621914,49.40140839283651,1.0669777600863097
