covar,true_effect,mean_blue,sd_blue,se_of_mean,ratio_blue_over_true,t_stat_bias,nrep
snp_1_115650225,-108.8690830365939,-108.013926,17.655592351128185,1.7655592351128184,0.9921450882772066,0.4843547696315408,100
snp_2_63525953,-75.3687479065602,-76.765287,13.089441250343459,1.3089441250343459,1.0185294187873624,-1.066920326643549,100
snp_3_45813815,-65.16040690110334,-67.87180000000001,11.194273422882908,1.1194273422882908,1.0416110522914914,-2.4221251317250636,100
snp_4_105627074,-59.61578306709208,-61.945949,9.549617821582276,0.9549617821582276,1.0390863931164929,-2.4400619757177173,100
snp_5_47008319,-57.76725733100456,-59.40154700000001,11.260106987152124,1.1260106987152123,1.0282909340776043,-1.4513979936959642,100
