covar,mean_blue,sd_blue,mean_se,mean_chi2,sd_chi2,median_chi2,max_chi2,min_chi2,ncp_empirical,mean_pval,median_pval,n_sig_5e8,nrep,c_l,c_l_N,ratio_cl_cbar,c_bar,S_N,Wss,Wtilde,M,ncp_theoretical_cl,ncp_theoretical_cbar,ncp_ratio
snp_1_115650225,-108.013926,17.655592351128185,19.604145000000003,31.183923875546807,10.4936348812606,29.524355105493036,68.30599248098278,13.12369817333596,30.18392387554681,7.269434565776092e-06,5.554815e-08,50,100,0.5863690585317548,2931.845292658774,1.4849956952705625,0.39486246350695303,493.57807938369126,2000.0,1999.0,50000,29.303793700124444,19.733251613759975,1.0300346837146424
snp_2_63525953,-76.765287,13.089441250343453,13.511251999999999,33.25832241068029,11.32767612828231,31.982170835652425,68.55894368112563,11.0136090130547,32.258322410680286,1.94343847737364e-05,1.556105e-08,58,100,0.5937535826870111,2968.767913435055,1.5036972048789232,0.39486246350695303,493.57807938369126,2000.0,1999.0,50000,29.672835294783376,19.733251613759975,1.0871331333932708
snp_3_45813815,-67.87180000000001,11.194273422882908,11.613489999999999,35.11683571039167,11.44780156639617,33.90193273799998,72.9174795701513,12.93736527606085,34.116835710391676,7.7584244447772e-06,5.91213e-09,69,100,0.6192997518013313,3096.4987590066567,1.5683935776043352,0.39486246350695303,493.57807938369126,2000.0,1999.0,50000,30.949505096271533,19.733251613759975,1.1023386514345817
snp_4_105627074,-61.945949,9.549617821582277,10.0377665,39.06499816570887,12.335845586000252,37.25692727083975,73.5294176910982,13.512458426956984,38.06499816570887,3.207673860525218e-06,1.035615e-09,79,100,0.6855626175288115,3427.8130876440578,1.7362060993086512,0.39486246350695303,493.57807938369126,2000.0,1999.0,50000,34.260991811002356,19.733251613759975,1.1110302461671562
snp_5_47008319,-59.401547,11.260106987152124,10.656228,32.20812977242939,11.524541363802237,30.323105259750378,63.85240396963941,2.1812376592348484,31.208129772429395,0.0014733072517316523,3.66016e-08,52,100,0.5589986180883472,2794.9930904417356,1.4156793054564527,0.39486246350695303,493.57807938369126,2000.0,1999.0,50000,27.935955938965147,19.733251613759975,1.1171312641175888
