covar,mean_blue,sd_blue,mean_se,mean_chi2,sd_chi2,median_chi2,max_chi2,min_chi2,ncp_empirical,mean_pval,median_pval,n_sig_5e8,nrep,c_l,c_l_N,ratio_cl_cbar,c_bar,S_N,Wss,Wtilde,M,ncp_theoretical_cl,ncp_theoretical_cbar,ncp_ratio
snp_1_12709676,-23.617199799999998,9.216993995103374,9.8963157,6.582850121059397,4.808594168260755,5.81351633623305,22.303023698436302,0.03958077659447411,5.582850121059397,0.0758791083345,0.015903300000000002,0,100,0.24470742818903773,4894.148563780755,2.0969975959901648,0.1166941863247541,688.4956993160492,67.79661016949153,66.79661016949153,20000,4.821959872464989,2.2994589415292794,1.1577968852331906
snp_2_52446065,-15.03450102,6.85733282197722,6.945329,5.645035317153346,4.2468942091760535,4.899956016994553,19.937405275310432,0.0004887008799318096,4.645035317153346,0.12285675278750001,0.0268638,0,100,0.23855332956138672,4771.0665912277345,2.0442606189266765,0.1166941863247541,688.4956993160492,67.79661016949153,66.79661016949153,20000,4.700693359007126,2.2994589415292794,0.9881596101674807
snp_3_89229500,-13.230872199999999,4.481693459766779,4.6661895,8.952915606532853,5.805841289519577,7.223562001435688,34.82514351800076,0.9324573087261074,7.952915606532853,0.0346250658468687,0.007198164999999999,1,100,0.3791358385216433,7582.716770432866,3.2489693828150714,0.1166941863247541,688.4956993160492,67.79661016949153,66.79661016949153,20000,7.470871698068981,2.2994589415292794,1.0645231142958147
snp_4_98371204,-11.189823100000002,4.6177346413094025,5.2654326000000005,5.2782570526665,4.135062846955436,4.519713396839901,21.824424733669222,0.2147807619023136,4.278257052666499,0.1049495040105,0.03351375,0,100,0.2545192990667256,5090.385981334512,2.1810795128937364,0.1166941863247541,688.4956993160492,67.79661016949153,66.79661016949153,20000,5.015302788109827,2.2994589415292794,0.8530406305296859
snp_5_76120008,-11.6161255,3.7077505181371375,4.1913475,8.473515742696156,5.218884635729271,7.356872821439664,29.084470944617916,0.2880305593500329,7.4735157426961525,0.03345438792915,0.006683504999999999,0,100,0.37775338171205103,7555.067634241021,3.2371225474830614,0.1166941863247541,688.4956993160492,67.79661016949153,66.79661016949153,20000,7.443630386635965,2.2994589415292794,1.004014889846471
