covar,true_effect,mean_blue,sd_blue,se_of_mean,ratio_blue_over_true,t_stat_bias,nrep
snp_1_115650225,-189.6690245274204,-189.67436999999998,13.174728834082929,1.317472883408293,1.0000281831606026,-0.004057368198549116,100
snp_2_63525953,-131.47208323705442,-130.31301000000002,9.698493828180359,0.9698493828180359,0.9911838832357703,1.1951064336263715,100
snp_3_45813815,-112.00379613641508,-111.18370499999999,8.092108126438669,0.8092108126438669,0.9926780058827983,1.0134455986020152,100
snp_4_105627074,-103.30163119919531,-103.52733499999998,5.596238762828191,0.5596238762828192,1.0021849006466261,-0.4033133866693736,100
snp_5_47008319,-100.13133026228203,-99.27613300000002,7.941187432862263,0.7941187432862262,0.991459243974469,1.0769135844131283,100
