covar,mean_blue,sd_blue,mean_se,mean_chi2,sd_chi2,median_chi2,max_chi2,min_chi2,ncp_empirical,mean_pval,median_pval,n_sig_5e8,nrep,c_l,c_l_N,ratio_cl_cbar,c_bar,S_N,Wss,Wtilde,M,ncp_theoretical_cl,ncp_theoretical_cbar,ncp_ratio
snp_1_115650225,-189.67437,13.174728834082927,13.092678000000001,210.97441625423878,28.70612051885235,214.16466198246488,279.030365627143,109.2926215657495,209.97441625423878,1.4003600046429986e-27,1.88531e-48,100,100,0.4032370251016452,20161.85125508226,1.516815587338672,0.26584446287840735,664.6111571960184,10000.0,9999.0,50000,201.59835069956753,132.90893921605976,1.0415482841283443
snp_2_63525953,-130.31301,9.698493828180363,8.9189443,214.70793492410957,32.125774482875364,209.9746632049619,287.53176062742244,154.94112836942392,213.70793492410954,3.1441175464500677e-37,1.4029449999999999e-47,100,100,0.4131620056989958,20658.10028494979,1.5541493745083905,0.26584446287840735,664.6111571960184,10000.0,9999.0,50000,206.56034474921296,132.90893921605976,1.0346029155962853
snp_3_45813815,-111.18370499999999,8.092108126438667,7.494488700000001,221.31864257678768,32.015632833795436,221.81090864066874,304.1834229269294,146.8708961967897,220.31864257678768,9.047047038071913e-36,3.64391e-50,100,100,0.4285174550935344,21425.87275467672,1.6119104022472375,0.26584446287840735,664.6111571960184,10000.0,9999.0,50000,214.2373016740125,132.90893921605976,1.0283860040023687
snp_4_105627074,-103.52733500000001,5.59623876282819,6.536262799999999,251.78851415983357,28.575450142526073,250.69151723606532,331.83043943494795,191.78299876189425,250.78851415983357,2.0624293925010757e-45,1.99703e-56,100,100,0.4780899272115393,23904.496360576966,1.7983821142447844,0.26584446287840735,664.6111571960184,10000.0,9999.0,50000,239.0210591094091,132.90893921605976,1.0492318756107513
snp_5_47008319,-99.27613300000002,7.941187432862262,7.1748728,192.73531185064064,30.260875930759386,192.54145604644157,260.07262331533184,118.09513091719435,191.73531185064064,1.6572492563386797e-29,8.91162e-44,100,100,0.37139221491481555,18569.610745740778,1.3970282130144795,0.26584446287840735,664.6111571960184,10000.0,9999.0,50000,185.67753784666203,132.90893921605976,1.0326252387565658
