covar,true_effect,mean_blue,sd_blue,se_of_mean,ratio_blue_over_true,t_stat_bias,nrep
snp_1_8457047,-266.5130856684131,-271.75124,40.91743788352247,4.091743788352247,1.0196543982763533,-1.2801765219264374,100
snp_2_80280319,-186.3068176952558,-186.09190999999998,30.138061142954513,3.013806114295451,0.9988464850727721,0.07130773749394205,100
snp_3_111612297,-156.49425824058292,-154.863238,23.786331825586835,2.3786331825586835,0.9895777630507343,0.6856964127728375,100
snp_4_72064764,-145.85933102432995,-147.74912999999998,21.193310652115464,2.1193310652115462,1.0129563118272824,-0.8916959727013664,100
snp_5_40183454,-141.58729183599357,-143.455849,22.258615532678917,2.2258615532678916,1.0131972095784618,-0.8394759149611601,100
