covar,mean_blue,sd_blue,mean_se,mean_chi2,sd_chi2,median_chi2,max_chi2,min_chi2,ncp_empirical,mean_pval,median_pval,n_sig_5e8,nrep,c_l,c_l_N,ratio_cl_cbar,c_bar,S_N,Wss,Wtilde,M,ncp_theoretical_cl,ncp_theoretical_cbar,ncp_ratio
snp_1_8457047,-271.75124,40.91743788352247,38.460019,51.035868876912986,14.922404693609375,51.30068112292899,96.1415023636897,16.202836545458805,50.03586887691297,7.069315604472675e-07,7.95872e-13,95,100,0.9026644733924397,4513.322366962198,1.1629373277579524,0.7761935676557072,194.04839191392682,20000.0,19999.0,100000,45.1309670084385,38.80773789886622,1.1086815150129037
snp_2_80280319,-186.09190999999998,30.138061142954506,28.507231,43.87275391973063,14.315211537941963,42.36302889646364,89.57116214907408,14.018657875463878,42.87275391973062,2.417729265578271e-06,7.88127e-11,85,100,0.831820349535197,4159.101747675985,1.071666120665617,0.7761935676557072,194.04839191392682,20000.0,19999.0,100000,41.588937925886015,38.80773789886622,1.0308691699733339
snp_3_111612297,-154.863238,23.786331825586835,23.419933999999998,44.74434889626537,13.40618000391093,45.8518726546756,84.36440290265853,16.542961874205965,43.744348896265386,5.612334886791273e-07,1.286755e-11,86,100,0.8393193571820231,4196.596785910116,1.0813273803813797,0.7761935676557072,194.04839191392682,20000.0,19999.0,100000,41.963869560708204,38.80773789886622,1.0424288645016733
snp_4_72064764,-147.74913,21.193310652115464,22.103987000000004,45.60363527458809,12.956840889100635,45.17635335282699,82.22509185761146,21.136683515162865,44.603635274588086,1.0028793035335193e-07,1.800705e-11,87,100,0.8314450635159155,4157.225317579578,1.0711826252658614,0.7761935676557072,194.04839191392682,20000.0,19999.0,100000,41.57017456313699,38.80773789886622,1.0729720465052142
snp_5_40183454,-143.455849,22.25861553267892,21.659776,44.881568994416,12.981898172562406,46.54320506085308,74.03270492977273,10.820645773382758,43.881568994416,1.0760602530000081e-05,9.028860000000001e-12,85,100,0.8160787540699105,4080.3937703495526,1.0513856183254213,0.7761935676557072,194.04839191392682,20000.0,19999.0,100000,40.80189750661036,38.80773789886622,1.0754786339852627
