covar,true_effect,mean_blue,sd_blue,se_of_mean,ratio_blue_over_true,t_stat_bias,nrep
snp_1_115650225,-26.82325068487532,-26.442802810000003,9.869510817394579,0.9869510817394579,0.9858164888609181,0.38547794507179917,100
snp_2_63525953,-18.59296031872868,-18.644409500000002,7.843152595692882,0.7843152595692882,1.0027671323118728,-0.06559757781529942,100
snp_3_45813815,-15.839728753338948,-15.338444109999996,5.885850125639767,0.5885850125639767,0.9683527002800927,0.851677553180076,100
snp_4_105627074,-14.609056785716565,-14.789325999999999,4.1556343130710784,0.4155634313071078,1.0123395518908302,-0.43379470064634446,100
snp_5_47008319,-14.160708527537876,-13.598674135,6.443134122106231,0.6443134122106231,0.960310291575813,0.8722996943514658,100
