covar,mean_blue,sd_blue,mean_se,mean_chi2,sd_chi2,median_chi2,max_chi2,min_chi2,ncp_empirical,mean_pval,median_pval,n_sig_5e8,nrep,c_l,c_l_N,ratio_cl_cbar,c_bar,S_N,Wss,Wtilde,M,ncp_theoretical_cl,ncp_theoretical_cbar,ncp_ratio
snp_1_115650225,-26.44280281,9.869510817394579,9.7645208,8.353178290608277,5.330978858745128,8.275458435444119,23.62635613023152,0.009844846858153681,7.353178290608277,0.0611492629234,0.004032330000000001,0,100,0.14947386161095996,7473.693080547998,1.6389914120842455,0.0911986850625895,2257.1674552990903,101.01010101010101,100.01010101010101,50000,7.399703519050573,4.514790904023494,0.9937125550608188
snp_2_63525953,-18.6444095,7.843152595692882,7.181905799999999,7.898798487146035,5.78250553514034,6.967289736847757,24.696146766498572,0.03859057513632141,6.898798487146035,0.08372735617881,0.008308335,0,100,0.1316455852709029,6582.279263545144,1.4435031073151412,0.0911986850625895,2257.1674552990903,101.01010101010101,100.01010101010101,50000,6.517114698836047,4.514790904023494,1.0585663757579955
snp_3_45813815,-15.338444110000001,5.885850125639767,5.6085753,8.552308861379432,5.790014402042976,7.113415011889068,28.321213809682916,0.0012128384615935441,7.552308861379432,0.0603957127557,0.007651585,0,100,0.1579807199187076,7899.03599593538,1.732269712115758,0.0911986850625895,2257.1674552990903,101.01010101010101,100.01010101010101,50000,7.82083553957562,4.514790904023494,0.9656652186537655
snp_4_105627074,-14.789326,4.155634313071079,4.7137055,10.612521707997686,5.287949531031822,9.988758391171313,25.077263039990935,0.13538926980264065,9.612521707997686,0.02433190115679,0.00157508,0,100,0.18992388964578058,9496.19448228903,2.0825288162371653,0.0911986850625895,2257.1674552990903,101.01010101010101,100.01010101010101,50000,9.402182156914368,4.514790904023494,1.022371354603956
snp_5_47008319,-13.598674135000001,6.443134122106229,6.0797148000000005,6.094746329256687,4.779649892626708,4.971667675382712,23.324606222939106,0.00011493157914856874,5.094746329256687,0.1141502362572,0.02577175,0,100,0.10663852874175397,5331.926437087699,1.169298972551722,0.0911986850625895,2257.1674552990903,101.01010101010101,100.01010101010101,50000,5.27914036536053,4.514790904023494,0.9650712003579676
