covar,true_effect,mean_blue,sd_blue,se_of_mean,ratio_blue_over_true,t_stat_bias,nrep
snp_1_115650225,-26.86270562187125,-28.6260397,13.512063452295939,1.351206345229594,1.0656424599573122,-1.3050072510051218,100
snp_2_63525953,-18.677242394530957,-18.35384958,8.99793708062482,0.8997937080624819,0.9826851947573559,0.35940773049782415,100
snp_3_45813815,-15.790155343746491,-15.107930329999997,8.517862166824145,0.8517862166824145,0.9567942810634423,0.8009345542167415,100
snp_4_105627074,-14.613762145492718,-14.682127899999998,6.362372808627009,0.6362372808627008,1.004678176216818,-0.107453235708822,100
snp_5_47008319,-14.165003934443142,-14.201631979999997,9.311888106844492,0.9311888106844493,1.0025858125932314,-0.03933471400921581,100
