covar,mean_blue,sd_blue,mean_se,mean_chi2,sd_chi2,median_chi2,max_chi2,min_chi2,ncp_empirical,mean_pval,median_pval,n_sig_5e8,nrep,c_l,c_l_N,ratio_cl_cbar,c_bar,S_N,Wss,Wtilde,M,ncp_theoretical_cl,ncp_theoretical_cbar,ncp_ratio
snp_1_115650225,-28.6260397,13.512063452295934,13.942900999999999,5.177407082329023,4.379728261836778,4.141531038371881,22.424104959727188,0.006809813668193839,4.177407082329023,0.13677533019069998,0.0418647,0,100,0.3724608812378867,3724.608812378867,1.5661452932395052,0.23782013255453913,1177.2096561449687,101.01010101010101,100.01010101010101,50000,3.6877351851363156,2.3546571324224916,1.1327839100720587
snp_2_63525953,-18.353849580000002,8.99793708062482,9.6147176,4.525147081139791,3.8723457971783843,3.6335216126685026,21.3410380689871,0.003918834336959062,3.5251470811397914,0.1500558172051,0.0566317,0,100,0.3756643784102409,3756.643784102409,1.579615545475697,0.23782013255453913,1177.2096561449687,101.01010101010101,100.01010101010101,50000,3.719453010639795,2.3546571324224916,0.9477595418078476
snp_3_45813815,-15.107930329999999,8.517862166824145,7.91641,4.770047650711763,4.283627339243894,3.7694442638486443,24.324557056776722,0.013380717032363697,3.7700476507117626,0.15523803201677,0.0521969,0,100,0.39555876620660463,3955.5876620660465,1.6632686306147417,0.23782013255453913,1177.2096561449687,101.01010101010101,100.01010101010101,50000,3.9164273442115927,2.3546571324224916,0.9626241774365669
snp_4_105627074,-14.682127900000001,6.3623728086270095,6.8156262000000005,5.494018274773151,4.408053473142973,4.3679268262271975,28.32327048582906,0.0003336106889931989,4.494018274773151,0.10611092498353,0.03663395,0,100,0.4617202696715305,4617.202696715305,1.941468389206471,0.23782013255453913,1177.2096561449687,101.01010101010101,100.01010101010101,50000,4.5714923900178235,2.3546571324224916,0.9830527738788667
snp_5_47008319,-14.20163198,9.311888106844492,8.0599091,4.434390746500437,4.683080874160924,3.074525659233154,22.963957788586285,0.0004169981770619449,3.434390746500436,0.2209869132782,0.07954615,0,100,0.3131150611835246,3131.1506118352463,1.3166045188025373,0.23782013255453913,1177.2096561449687,101.01010101010101,100.01010101010101,50000,3.100152220778077,2.3546571324224916,1.1078135852433955
