covar,true_effect,mean_blue,sd_blue,se_of_mean,ratio_blue_over_true,t_stat_bias,nrep
snp_1_12709676,-68.40328039529065,-68.50602899999998,12.820484711343676,1.2820484711343676,1.0015021005442366,-0.08014408739040926,100
snp_2_52446065,-48.53643158714803,-50.043858,10.094580198786542,1.0094580198786542,1.0310576275090466,-1.4933027259847578,100
snp_3_89229500,-40.88876773716397,-40.01921600000001,7.686639995994625,0.7686639995994625,0.9787337260258488,1.1312507644654464,100
snp_4_98371204,-37.64898319900362,-38.197393999999996,6.661036376803159,0.6661036376803159,1.0145664173212225,-0.8233115238736749,100
snp_5_76120008,-36.544969221984175,-35.641892000000006,5.02594138234055,0.502594138234055,0.9752886035695192,1.796831982874444,100
