covar,mean_blue,sd_blue,mean_se,mean_chi2,sd_chi2,median_chi2,max_chi2,min_chi2,ncp_empirical,mean_pval,median_pval,n_sig_5e8,nrep,c_l,c_l_N,ratio_cl_cbar,c_bar,S_N,Wss,Wtilde,M,ncp_theoretical_cl,ncp_theoretical_cbar,ncp_ratio
snp_1_12709676,-68.506029,12.820484711343676,13.041723,28.57077064657035,10.040518207619822,27.529077130265687,66.01443253737985,4.2913412571592255,27.57077064657035,0.00044433511239077585,1.550415e-07,46,100,0.5222167690611819,2611.083845305909,1.977677817918191,0.2640555323671957,330.0694154589946,800.0,799.0,20000,26.07819990499277,13.186273147586835,1.057234423657126
snp_2_52446065,-50.043858,10.09458019878654,9.380769299999999,29.64613076738656,11.994176744163047,26.561331303463685,64.26758964358231,7.549991754783948,28.646130767386552,0.00012641951492830796,2.5542449999999996e-07,41,100,0.5139812318377331,2569.9061591886657,1.9464891616926652,0.2640555323671957,330.0694154589946,800.0,799.0,20000,25.666937764896797,13.186273147586835,1.1160712286669516
snp_3_89229500,-40.019216,7.686639995994625,6.930549600000001,34.63384234747272,13.168712245169374,32.855754372347576,76.97028975834453,10.949197788472153,33.63384234747272,1.951165351646295e-05,9.927949999999999e-09,59,100,0.6722328900882575,3361.1644504412875,2.5458011959145406,0.2640555323671957,330.0694154589946,800.0,799.0,20000,33.56962994878236,13.186273147586835,1.0019128122290397
snp_4_98371204,-38.197394,6.661036376803156,7.3564435,27.69508848948314,9.37469265938064,26.291380613333118,53.84776585402728,9.379120948009298,26.695088489483147,4.958051061152646e-05,3.18392e-07,34,100,0.5107125998916481,2553.5629994582405,1.9341105839110047,0.2640555323671957,330.0694154589946,800.0,799.0,20000,25.503710457089177,13.186273147586835,1.046713909899444
snp_5_76120008,-35.641892,5.02594138234055,6.137408000000001,34.34681806655274,9.210592516658059,34.04495633220708,62.08681345790752,11.113753834692702,33.34681806655274,1.0681393706334996e-05,5.393675e-09,70,100,0.679901882609975,3399.5094130498746,2.5748443007984516,0.2640555323671957,330.0694154589946,800.0,799.0,20000,33.952600262835624,13.186273147586835,0.982158002874791
