{
  "n_samples": 2510,
  "n_snps": 42775,
  "n_chromosomes": 29,
  "h2_values": [
    0.1,
    0.3,
    0.5,
    0.7,
    0.9
  ],
  "mean_coefficients": {
    "0.1": 0.8330975795789222,
    "0.3": 0.8554087113355692,
    "0.5": 0.9523447887497625,
    "0.7": 1.1375890642567903,
    "0.9": 1.542826880195668
  },
  "sd_coefficients": {
    "0.1": 0.06273000771798658,
    "0.3": 0.07608807298696289,
    "0.5": 0.08872580040627567,
    "0.7": 0.10868361264040237,
    "0.9": 0.150697112605473
  },
  "min_coefficients": {
    "0.1": 0.24290003281050446,
    "0.3": 0.18802253626701784,
    "0.5": 0.1929608554560032,
    "0.7": 0.22179058077891484,
    "0.9": 0.2959673642433165
  },
  "max_coefficients": {
    "0.1": 1.1544096837700182,
    "0.3": 1.2423520243651858,
    "0.5": 1.398545144777618,
    "0.7": 1.6675506399204802,
    "0.9": 2.2569423016338863
  },
  "chromosomes": {
    "1": {
      "n_snps_chr": 2779,
      "n_snps_other": 39996,
      "grm_eig_min": 1.6780741988954905e-16,
      "grm_eig_max": 71.72130492958613
    },
    "2": {
      "n_snps_chr": 2248,
      "n_snps_other": 40527,
      "grm_eig_min": -4.567008972343539e-16,
      "grm_eig_max": 71.76089164532873
    },
    "3": {
      "n_snps_chr": 2099,
      "n_snps_other": 40676,
      "grm_eig_min": -2.654805641241029e-15,
      "grm_eig_max": 71.73360665596334
    },
    "4": {
      "n_snps_chr": 2082,
      "n_snps_other": 40693,
      "grm_eig_min": -1.5227653965786214e-15,
      "grm_eig_max": 73.07563824284072
    },
    "5": {
      "n_snps_chr": 1812,
      "n_snps_other": 40963,
      "grm_eig_min": -1.390101974765074e-17,
      "grm_eig_max": 72.45509225840051
    },
    "6": {
      "n_snps_chr": 2112,
      "n_snps_other": 40663,
      "grm_eig_min": 1.3361151591283126e-15,
      "grm_eig_max": 72.96501533421713
    },
    "7": {
      "n_snps_chr": 1867,
      "n_snps_other": 40908,
      "grm_eig_min": 1.0557486285457447e-16,
      "grm_eig_max": 72.21323202669028
    },
    "8": {
      "n_snps_chr": 1978,
      "n_snps_other": 40797,
      "grm_eig_min": -8.607687434433178e-17,
      "grm_eig_max": 72.40314114343956
    },
    "9": {
      "n_snps_chr": 1689,
      "n_snps_other": 41086,
      "grm_eig_min": -1.4429364408127524e-16,
      "grm_eig_max": 72.40170223400942
    },
    "10": {
      "n_snps_chr": 1791,
      "n_snps_other": 40984,
      "grm_eig_min": -1.774387557676183e-16,
      "grm_eig_max": 72.63158271066395
    },
    "11": {
      "n_snps_chr": 1871,
      "n_snps_other": 40904,
      "grm_eig_min": -6.22865390579642e-16,
      "grm_eig_max": 72.65227467503301
    },
    "12": {
      "n_snps_chr": 1414,
      "n_snps_other": 41361,
      "grm_eig_min": -2.781360191083055e-16,
      "grm_eig_max": 72.53415272485516
    },
    "13": {
      "n_snps_chr": 1474,
      "n_snps_other": 41301,
      "grm_eig_min": -7.862074455286401e-16,
      "grm_eig_max": 72.03551660703457
    },
    "14": {
      "n_snps_chr": 1488,
      "n_snps_other": 41287,
      "grm_eig_min": -3.7472562288458625e-15,
      "grm_eig_max": 73.07387770340979
    },
    "15": {
      "n_snps_chr": 1401,
      "n_snps_other": 41374,
      "grm_eig_min": 6.889362773883436e-16,
      "grm_eig_max": 72.58766821850145
    },
    "16": {
      "n_snps_chr": 1349,
      "n_snps_other": 41426,
      "grm_eig_min": -1.6896507719674816e-15,
      "grm_eig_max": 71.97278287795133
    },
    "17": {
      "n_snps_chr": 1329,
      "n_snps_other": 41446,
      "grm_eig_min": -2.288161869781303e-15,
      "grm_eig_max": 72.25399889698964
    },
    "18": {
      "n_snps_chr": 1103,
      "n_snps_other": 41672,
      "grm_eig_min": -3.0049281551133916e-16,
      "grm_eig_max": 72.44425381751282
    },
    "19": {
      "n_snps_chr": 1150,
      "n_snps_other": 41625,
      "grm_eig_min": -1.3982386684836605e-16,
      "grm_eig_max": 71.94165172086223
    },
    "20": {
      "n_snps_chr": 1331,
      "n_snps_other": 41444,
      "grm_eig_min": -3.229558328203306e-16,
      "grm_eig_max": 72.53652562332658
    },
    "21": {
      "n_snps_chr": 1163,
      "n_snps_other": 41612,
      "grm_eig_min": -1.9448928639032855e-16,
      "grm_eig_max": 72.50922449252263
    },
    "22": {
      "n_snps_chr": 1060,
      "n_snps_other": 41715,
      "grm_eig_min": -1.068800530138516e-15,
      "grm_eig_max": 72.48349624404105
    },
    "23": {
      "n_snps_chr": 895,
      "n_snps_other": 41880,
      "grm_eig_min": -7.834711164538999e-17,
      "grm_eig_max": 72.5401738716451
    },
    "24": {
      "n_snps_chr": 1049,
      "n_snps_other": 41726,
      "grm_eig_min": -4.0173140885425277e-16,
      "grm_eig_max": 73.03450811539281
    },
    "25": {
      "n_snps_chr": 819,
      "n_snps_other": 41956,
      "grm_eig_min": -1.858627664833805e-15,
      "grm_eig_max": 72.61374494302315
    },
    "26": {
      "n_snps_chr": 914,
      "n_snps_other": 41861,
      "grm_eig_min": -4.647322005986717e-16,
      "grm_eig_max": 73.13862155387986
    },
    "27": {
      "n_snps_chr": 809,
      "n_snps_other": 41966,
      "grm_eig_min": -1.3014742807602963e-15,
      "grm_eig_max": 72.85847422856166
    },
    "28": {
      "n_snps_chr": 808,
      "n_snps_other": 41967,
      "grm_eig_min": -8.053428404860563e-16,
      "grm_eig_max": 72.5158796185459
    },
    "29": {
      "n_snps_chr": 891,
      "n_snps_other": 41884,
      "grm_eig_min": -5.681375068831167e-16,
      "grm_eig_max": 72.56286785795447
    }
  }
}