{
  "n_samples": 2510,
  "n_snps": 42775,
  "h2_values": [
    0.1,
    0.3,
    0.5,
    0.7,
    0.9
  ],
  "mean_coefficients": {
    "0.1": 0.7729068263705262,
    "0.3": 0.7068995479002572,
    "0.5": 0.7063575130565443,
    "0.7": 0.7487869302575303,
    "0.9": 0.8635402149118734
  },
  "sd_coefficients": {
    "0.1": 0.0678784808574722,
    "0.3": 0.09030396163751543,
    "0.5": 0.1108945593887955,
    "0.7": 0.13815214589119812,
    "0.9": 0.18578725494574572
  },
  "min_coefficients": {
    "0.1": 0.2374600588771127,
    "0.3": 0.17853140315746568,
    "0.5": 0.17766581879342763,
    "0.7": 0.19608648302954518,
    "0.9": 0.2444211312695244
  },
  "max_coefficients": {
    "0.1": 1.140382744066585,
    "0.3": 1.1946780683556055,
    "0.5": 1.3023667387184068,
    "0.7": 1.4880276400606587,
    "0.9": 1.8910463031381517
  }
}