{
  "n_samples": 5024,
  "n_snps": 42216,
  "h2_values": [
    0.1,
    0.3,
    0.5,
    0.7,
    0.9
  ],
  "mean_coefficients": {
    "0.1": 0.7388159877024263,
    "0.3": 0.6296631958631784,
    "0.5": 0.6089282123226123,
    "0.7": 0.6402482491959539,
    "0.9": 0.7680290679747761
  },
  "sd_coefficients": {
    "0.1": 0.05830262635461672,
    "0.3": 0.08691175293925896,
    "0.5": 0.10832308317923361,
    "0.7": 0.1363411980465172,
    "0.9": 0.19294827151766306
  },
  "min_coefficients": {
    "0.1": 0.49642620425369416,
    "0.3": 0.31212042789824257,
    "0.5": 0.25452120734693273,
    "0.7": 0.23460081152813567,
    "0.9": 0.24671188472939448
  },
  "max_coefficients": {
    "0.1": 1.0026490202538547,
    "0.3": 1.0344558339898322,
    "0.5": 1.1344354362366988,
    "0.7": 1.3535685283859116,
    "0.9": 1.9658548214149527
  }
}