{
  "n_samples": 734,
  "n_snps": 35774,
  "n_chromosomes": 26,
  "h2_values": [
    0.1,
    0.3,
    0.5,
    0.7,
    0.9
  ],
  "mean_coefficients": {
    "0.1": 0.8872801494861353,
    "0.3": 0.8712572622973318,
    "0.5": 0.9172940562545825,
    "0.7": 1.0119475361155363,
    "0.9": 1.185381815056614
  },
  "sd_coefficients": {
    "0.1": 0.0478142981238414,
    "0.3": 0.05845405095654167,
    "0.5": 0.06796567359034719,
    "0.7": 0.08027860630721406,
    "0.9": 0.10045734897493298
  },
  "min_coefficients": {
    "0.1": 0.6542364243795903,
    "0.3": 0.5575848565843359,
    "0.5": 0.5297476816303424,
    "0.7": 0.5131494537044123,
    "0.9": 0.5298911791715761
  },
  "max_coefficients": {
    "0.1": 1.1543950882378053,
    "0.3": 1.172149718338842,
    "0.5": 1.2625041672946797,
    "0.7": 1.418863241544619,
    "0.9": 1.6926633449484152
  },
  "chromosomes": {
    "1": {
      "n_snps_chr": 3859,
      "n_snps_other": 31915,
      "grm_eig_min": 1.496659037112962e-15,
      "grm_eig_max": 17.729848586982385
    },
    "2": {
      "n_snps_chr": 3544,
      "n_snps_other": 32230,
      "grm_eig_min": -5.567301511367727e-15,
      "grm_eig_max": 17.999610927601008
    },
    "3": {
      "n_snps_chr": 3242,
      "n_snps_other": 32532,
      "grm_eig_min": 7.701205379060109e-16,
      "grm_eig_max": 17.82337122056133
    },
    "4": {
      "n_snps_chr": 1629,
      "n_snps_other": 34145,
      "grm_eig_min": -4.994813501948072e-15,
      "grm_eig_max": 17.951084813594306
    },
    "5": {
      "n_snps_chr": 1606,
      "n_snps_other": 34168,
      "grm_eig_min": 8.646071547612623e-16,
      "grm_eig_max": 18.126120332798635
    },
    "6": {
      "n_snps_chr": 2103,
      "n_snps_other": 33671,
      "grm_eig_min": 4.474959552156304e-15,
      "grm_eig_max": 18.056937146368046
    },
    "7": {
      "n_snps_chr": 1475,
      "n_snps_other": 34299,
      "grm_eig_min": 1.2046908292548687e-15,
      "grm_eig_max": 17.781934007074216
    },
    "8": {
      "n_snps_chr": 1254,
      "n_snps_other": 34520,
      "grm_eig_min": 2.547391480602555e-15,
      "grm_eig_max": 18.07585587029719
    },
    "9": {
      "n_snps_chr": 1289,
      "n_snps_other": 34485,
      "grm_eig_min": 2.0574408813041744e-15,
      "grm_eig_max": 18.021712097571246
    },
    "10": {
      "n_snps_chr": 1162,
      "n_snps_other": 34612,
      "grm_eig_min": 2.33536276920998e-15,
      "grm_eig_max": 17.99347239666
    },
    "11": {
      "n_snps_chr": 980,
      "n_snps_other": 34794,
      "grm_eig_min": 4.025390344757905e-16,
      "grm_eig_max": 17.87726068150973
    },
    "12": {
      "n_snps_chr": 1224,
      "n_snps_other": 34550,
      "grm_eig_min": -2.462970920744468e-15,
      "grm_eig_max": 17.899358567748887
    },
    "13": {
      "n_snps_chr": 1264,
      "n_snps_other": 34510,
      "grm_eig_min": 3.343937916383079e-16,
      "grm_eig_max": 17.866451975083024
    },
    "14": {
      "n_snps_chr": 948,
      "n_snps_other": 34826,
      "grm_eig_min": -1.7183985796848504e-16,
      "grm_eig_max": 17.94581401479259
    },
    "15": {
      "n_snps_chr": 1158,
      "n_snps_other": 34616,
      "grm_eig_min": -5.847880459208605e-16,
      "grm_eig_max": 17.946419061930435
    },
    "16": {
      "n_snps_chr": 930,
      "n_snps_other": 34844,
      "grm_eig_min": 3.865254394036868e-15,
      "grm_eig_max": 17.95163155792462
    },
    "17": {
      "n_snps_chr": 1015,
      "n_snps_other": 34759,
      "grm_eig_min": -1.0423833367170437e-15,
      "grm_eig_max": 17.960722846974033
    },
    "18": {
      "n_snps_chr": 1139,
      "n_snps_other": 34635,
      "grm_eig_min": 7.308209544814738e-15,
      "grm_eig_max": 17.880054831891517
    },
    "19": {
      "n_snps_chr": 891,
      "n_snps_other": 34883,
      "grm_eig_min": 1.0343587352053394e-15,
      "grm_eig_max": 17.73125493106591
    },
    "20": {
      "n_snps_chr": 806,
      "n_snps_other": 34968,
      "grm_eig_min": 5.814871579456377e-15,
      "grm_eig_max": 17.88415312666638
    },
    "21": {
      "n_snps_chr": 807,
      "n_snps_other": 34967,
      "grm_eig_min": -4.1195190634635627e-16,
      "grm_eig_max": 17.862703492359458
    },
    "22": {
      "n_snps_chr": 714,
      "n_snps_other": 35060,
      "grm_eig_min": 2.0730938999545948e-15,
      "grm_eig_max": 17.998732703332152
    },
    "23": {
      "n_snps_chr": 847,
      "n_snps_other": 34927,
      "grm_eig_min": 5.7513967082783996e-15,
      "grm_eig_max": 17.82218006285571
    },
    "24": {
      "n_snps_chr": 609,
      "n_snps_other": 35165,
      "grm_eig_min": 4.235904452224563e-15,
      "grm_eig_max": 17.870026852241057
    },
    "25": {
      "n_snps_chr": 641,
      "n_snps_other": 35133,
      "grm_eig_min": -3.8376930753797586e-16,
      "grm_eig_max": 17.9361879470435
    },
    "26": {
      "n_snps_chr": 638,
      "n_snps_other": 35136,
      "grm_eig_min": 8.428573654839086e-16,
      "grm_eig_max": 17.943029655461867
    }
  }
}