{
  "n_samples": 734,
  "n_snps": 35774,
  "h2_values": [
    0.1,
    0.3,
    0.5,
    0.7,
    0.9
  ],
  "mean_coefficients": {
    "0.1": 0.8633992127924459,
    "0.3": 0.8089233044169648,
    "0.5": 0.8122335539036123,
    "0.7": 0.8493815230602557,
    "0.9": 0.9296992676286221
  },
  "sd_coefficients": {
    "0.1": 0.04881911368711784,
    "0.3": 0.06206300978383133,
    "0.5": 0.07375556908789382,
    "0.7": 0.08822495146908141,
    "0.9": 0.1101694583429061
  },
  "min_coefficients": {
    "0.1": 0.6341285291217801,
    "0.3": 0.4425238146940767,
    "0.5": 0.35377436538139395,
    "0.7": 0.30531677888706593,
    "0.9": 0.27873881589883737
  },
  "max_coefficients": {
    "0.1": 1.1306293164790697,
    "0.3": 1.1192179320628524,
    "0.5": 1.167999378699322,
    "0.7": 1.2915496035417315,
    "0.9": 1.519915424359478
  }
}