covar,true_effect,mean_blue,sd_blue,se_of_mean,ratio_blue_over_true,t_stat_bias,nrep
snp_1_12709676,-54.65852957018485,-54.114881,10.141236046809585,1.0141236046809585,0.9900537285861895,0.5360772273473317,100
snp_2_52446065,-37.74622565584397,-38.057569,6.296636246420494,0.6296636246420494,1.0082483304952061,-0.4944597908653547,100
snp_3_89229500,-31.729851967919643,-31.483657000000004,4.4789059149981085,0.44789059149981086,0.992240903986298,0.5496765785930617,100
snp_4_98371204,-29.214988658562763,-30.067797,4.720747647160641,0.4720747647160641,1.0291907811912595,-1.8065111825034088,100
snp_5_76120008,-28.321417055075752,-27.95819,3.604108492562566,0.3604108492562566,0.9871748276447679,1.0078138763727809,100
