covar,mean_blue,sd_blue,mean_se,mean_chi2,sd_chi2,median_chi2,max_chi2,min_chi2,ncp_empirical,mean_pval,median_pval,n_sig_5e8,nrep,c_l,c_l_N,ratio_cl_cbar,c_bar,S_N,Wss,Wtilde,M,ncp_theoretical_cl,ncp_theoretical_cbar,ncp_ratio
snp_1_12709676,-54.114881000000004,10.141236046809585,9.4311141,34.057242619891234,12.37694754774021,32.45288199264425,68.9046885469433,10.295078130645516,33.057242619891234,2.4362031360450296e-05,1.22639e-08,63,100,0.31760452668817934,3176.0452668817934,2.1237186064571327,0.14955113437463316,672.9801046858491,444.44444444444446,443.44444444444446,20000,31.688991650313096,14.921464432229023,1.0431774852502957
snp_2_52446065,-38.057569,6.296636246420494,6.5687217,34.5379194357433,11.209164888579444,32.13765156495792,66.8848632298698,6.090939251745816,33.537919435743305,0.0001393672881017499,1.441205e-08,64,100,0.31389791777016196,3138.9791777016194,2.098933713092619,0.14955113437463316,672.9801046858491,444.44444444444446,443.44444444444446,20000,31.319164745517913,14.921464432229023,1.0708433544845068
snp_3_89229500,-31.483656999999997,4.478905914998109,4.427525800000001,51.641688002362905,14.407055116923491,50.87245874542876,91.90897629673012,19.684880684311082,50.64168800236292,1.696261467997309e-07,1.0102454999999999e-12,93,100,0.489964905906493,4899.64905906493,3.2762366394300035,0.14955113437463316,672.9801046858491,444.44444444444446,443.44444444444446,20000,48.88624848682034,14.921464432229023,1.0359086567261515
snp_4_98371204,-30.067797,4.720747647160641,5.0068195,37.01322528274151,11.656053081273242,36.10290697239827,77.09924988217722,14.638394127459033,36.01322528274151,3.5020973459322994e-06,1.87241e-09,70,100,0.3224602199947287,3224.602199947287,2.156187054970439,0.14955113437463316,672.9801046858491,444.44444444444446,443.44444444444446,20000,32.17346844997406,14.921464432229023,1.1193454426195242
snp_5_76120008,-27.95819,3.6041084925625655,3.9682970999999996,50.46342828955544,12.955743966793634,50.25162689344562,85.35510102497446,24.509720083591517,49.46342828955545,1.0128862882287026e-08,1.371065e-12,98,100,0.4828531990192125,4828.531990192125,3.2286829587640624,0.14955113437463316,672.9801046858491,444.44444444444446,443.44444444444446,20000,48.17667793214193,14.921464432229023,1.026708988926674
