covar,true_effect,mean_blue,sd_blue,se_of_mean,ratio_blue_over_true,t_stat_bias,nrep
snp_1_12709676,-37.466019679851584,-37.70013049,19.92248175223259,1.9922481752232588,1.0062486170708524,-0.1175108668989896,100
snp_2_52446065,-26.58449844108725,-29.475662300000003,15.620494915079224,1.5620494915079224,1.1087537485546224,-1.850878525059903,100
snp_3_89229500,-22.39570043823417,-21.524118199999997,12.63293563968109,1.263293563968109,0.961082608662411,0.6899285036301938,100
snp_4_98371204,-20.62119736522729,-21.754667780000005,10.221268731918878,1.0221268731918878,1.0549662754639089,-1.1089331906841724,100
snp_5_76120008,-20.016504006212752,-19.135350499999998,8.722612129997096,0.8722612129997096,0.9559786511201326,1.0101945301252873,100
