covar,mean_blue,sd_blue,mean_se,mean_chi2,sd_chi2,median_chi2,max_chi2,min_chi2,ncp_empirical,mean_pval,median_pval,n_sig_5e8,nrep,c_l,c_l_N,ratio_cl_cbar,c_bar,S_N,Wss,Wtilde,M,ncp_theoretical_cl,ncp_theoretical_cbar,ncp_ratio
snp_1_12709676,-37.70013049,19.92248175223259,19.985069,4.523153917540982,3.6167267709187056,4.021386684791604,23.111421241247957,0.0008570820962758163,3.5231539175409807,0.1577345389883,0.04492825,0,100,0.6848859629730315,3424.4298148651574,1.817081052947065,0.37691547213165705,179.0348492625371,210.52631578947367,209.52631578947367,20000,3.4081637732445476,1.8756256181951583,1.033739618148386
snp_2_52446065,-29.4756623,15.620494915079226,14.898869,4.998136413458206,4.629686126378472,3.2886755301277217,20.563191084551534,0.012419503514266307,3.998136413458206,0.1459184971962,0.06977330000000001,0,100,0.6320987995595285,3160.493997797643,1.67703065089017,0.37691547213165705,179.0348492625371,210.52631578947367,209.52631578947367,20000,3.1454816513081036,1.8756256181951583,1.2710728774385032
snp_3_89229500,-21.524118199999997,12.632935639681088,11.530884,4.685274612120384,4.6356289277504965,3.1827609664132592,22.521553286332107,0.0033128289803224516,3.6852746121203843,0.1923558369748,0.07449149999999999,0,100,0.7574994346164055,3787.497173082027,2.0097329258794927,0.37691547213165705,179.0348492625371,210.52631578947367,209.52631578947367,20000,3.769506561509887,1.8756256181951583,0.9776543831360879
snp_4_98371204,-21.75466778,10.221268731918876,11.432875,4.377641496703823,3.678985235191158,3.586103786015035,17.73947159935384,0.0002016554868124692,3.3776414967038226,0.148710560811,0.05826525,0,100,0.6541502293501172,3270.751146750586,1.7355356246071578,0.37691547213165705,179.0348492625371,210.52631578947367,209.52631578947367,20000,3.2552150788035203,1.8756256181951583,1.0376093176446273
snp_5_76120008,-19.1353505,8.722612129997096,10.1382962,4.275648469473472,3.4247881458326295,3.738153437221043,20.697850978578344,0.017287514079052966,3.275648469473473,0.14782040434920002,0.053228399999999995,0,100,0.7771723684364741,3885.8618421823703,2.061927476845543,0.37691547213165705,179.0348492625371,210.52631578947367,209.52631578947367,20000,3.867403998432004,1.8756256181951583,0.8469889545549283
