covar,true_effect,mean_blue,sd_blue,se_of_mean,ratio_blue_over_true,t_stat_bias,nrep
snp_1_8457047,-268.97390279259474,-269.60024000000004,16.572814883233914,1.6572814883233913,1.0023286170178682,-0.37793049148152924,100
snp_2_80280319,-186.90028871840812,-188.05231,12.353648035775432,1.2353648035775433,1.0061638282610017,-0.9325352950445892,100
snp_3_111612297,-158.70361438172628,-159.30689999999998,9.245564005937052,0.9245564005937051,1.003801335090092,-0.6525135923414747,100
snp_4_72064764,-146.0593486680443,-143.38977,10.265565507510527,1.0265565507510526,0.9817226443059693,2.6005178829078335,100
snp_5_40183454,-141.59143891320548,-140.63253000000003,9.386673558510513,0.9386673558510512,0.9932276349434287,1.0215641432806033,100
