covar,mean_blue,sd_blue,mean_se,mean_chi2,sd_chi2,median_chi2,max_chi2,min_chi2,ncp_empirical,mean_pval,median_pval,n_sig_5e8,nrep,c_l,c_l_N,ratio_cl_cbar,c_bar,S_N,Wss,Wtilde,M,ncp_theoretical_cl,ncp_theoretical_cbar,ncp_ratio
snp_1_8457047,-269.60024,16.57281488323391,15.651621,297.8046551494892,36.233651991607836,294.7861439442756,380.4594079757621,224.38508403999245,296.8046551494892,2.331217585916876e-52,4.519985e-66,100,100,0.5680659767358524,28403.29883679262,1.4861664647863213,0.3822357657744134,955.5894144360336,20000.0,19999.0,100000,284.0187867185078,191.10832699306238,1.045017685550687
snp_2_80280319,-188.05231,12.353648035775436,12.05501,244.43304401068926,32.14189482563713,244.18755166494486,349.76327369937184,174.33709823756337,243.4330440106893,1.1918293402470884e-41,4.81737e-55,100,100,0.4631121560524059,23155.607802620296,1.2115877097846564,0.3822357657744134,955.5894144360336,20000.0,19999.0,100000,231.54450022230168,191.10832699306238,1.0513445310813845
snp_3_111612297,-159.3069,9.24556400593706,10.554226000000002,228.7234059101694,27.2063064046131,228.33222545729362,297.04995223631437,175.30533990656104,227.7234059101694,1.220812302394722e-41,1.380865e-51,100,100,0.4350147891829336,21750.73945914668,1.1380797615879545,0.3822357657744134,955.5894144360336,20000.0,19999.0,100000,217.49651922173723,191.10832699306238,1.0470209211854369
snp_4_72064764,-143.38977,10.265565507510525,9.4456295,231.57789627447048,31.885367083782103,232.35092028462287,308.8173224647378,128.13232496065612,230.5778962744704,1.0499200210667416e-31,2.224676e-52,100,100,0.45995890210433243,22997.945105216622,1.2033382097890581,0.3822357657744134,955.5894144360336,20000.0,19999.0,100000,229.9679520796136,191.10832699306238,1.002652300850362
snp_5_40183454,-140.63253,9.386673558510507,9.594363399999999,215.97720309501827,29.548405458824945,216.90793981962867,296.0595321607547,146.2930168444251,214.97720309501827,1.2280143159547628e-35,4.273245e-49,100,100,0.41842629409905535,20921.31470495277,1.0946811668743754,0.3822357657744134,955.5894144360336,20000.0,19999.0,100000,209.20268639217522,191.10832699306238,1.0276024978571165
